Max_Level;Spread;Level;Time
6;2;5;7479915
6;2;4;8783939
6;2;3;12569390
6;2;2;24645699
6;2;1;62094494
6;2;0;231065267
6;2;5;2345966
6;2;4;2795956
6;2;3;4084484
6;2;2;8620315
6;2;1;29800328
6;2;0;133803896
6;2;5;1964555
6;2;4;2294437
6;2;3;3190022
6;2;2;6283666
6;2;1;20050561
6;2;0;124369064
6;2;5;1873374
6;2;4;2156433
6;2;3;2888631
6;2;2;5693157
6;2;1;18940079
6;2;0;122898937
6;2;5;1319509
6;2;4;1550008
6;2;3;2804601
6;2;2;5862849
6;2;1;19386556
6;2;0;113910973
6;2;5;1596263
6;2;4;1831430
6;2;3;2585437
6;2;2;5350998
6;2;1;19844356
6;2;0;113667146
6;2;5;1384009
6;2;4;1655356
6;2;3;2497272
6;2;2;5277354
6;2;1;16905431
6;2;0;128415894
6;2;5;1784645
6;2;4;2196326
6;2;3;3104399
6;2;2;6413895
6;2;1;23103206
6;2;0;133633432
6;2;5;1385463
6;2;4;1659677
6;2;3;2347764
6;2;2;5473784
6;2;1;17504933
6;2;0;117281448
6;2;5;1396699
6;2;4;1624884
6;2;3;2229692
6;2;2;4590896
6;2;1;20170484
6;2;0;131177840
6;2;5;1249243
6;2;4;1488634
6;2;3;2095128
6;2;2;4544999
6;2;1;16699733
6;2;0;123286168
6;2;5;1254126
6;2;4;1477361
6;2;3;2103858
6;2;2;4495628
6;2;1;16399966
6;2;0;103416183
6;2;5;1161984
6;2;4;1348106
6;2;3;1923738
6;2;2;4230078
6;2;1;15731087
6;2;0;109977732
6;2;5;1190998
6;2;4;1375679
6;2;3;1956195
6;2;2;4286280
6;2;1;18610977
6;2;0;123589741
6;2;5;1618325
6;2;4;1888902
6;2;3;2718722
6;2;2;5982322
6;2;1;21097589
6;2;0;139979237
6;2;5;1692494
6;2;4;1966007
6;2;3;2851408
6;2;2;6194682
6;2;1;22505892
6;2;0;125727140
6;2;5;1169578
6;2;4;1437222
6;2;3;2053103
6;2;2;4524638
6;2;1;15558794
6;2;0;109234371
6;2;5;1216541
6;2;4;1399586
6;2;3;1967315
6;2;2;4202506
6;2;1;15862421
6;2;0;106326950
6;2;5;1288185
6;2;4;1467514
6;2;3;2032950
6;2;2;4403642
6;2;1;16053444
6;2;0;104301531
6;2;5;1188998
6;2;4;1385561
6;2;3;1985828
6;2;2;4562816
6;2;1;16019918
6;2;0;103427849
6;2;5;1243028
6;2;4;1420450
6;2;3;2045749
6;2;2;4367917
6;2;1;15846740
6;2;0;109535160
6;2;5;1324483
6;2;4;1539118
6;2;3;2137635
6;2;2;4526718
6;2;1;16399208
6;2;0;109991288
6;2;5;1205150
6;2;4;1399577
6;2;3;1965184
6;2;2;4257586
6;2;1;15572959
6;2;0;112118601
6;2;5;1197036
6;2;4;1387540
6;2;3;2010059
6;2;2;4749829
6;2;1;16210479
6;2;0;104487478
6;2;5;1251619
6;2;4;1435648
6;2;3;2025552
6;2;2;4356112
6;2;1;15731064
6;2;0;105854473
6;2;5;1260262
6;2;4;1465487
6;2;3;2079316
6;2;2;4718741
6;2;1;16381457
6;2;0;106101012
6;2;5;1186373
6;2;4;1369239
6;2;3;1925045
6;2;2;4636125
6;2;1;15867613
6;2;0;105125887
6;2;5;1326020
6;2;4;1536814
6;2;3;2453064
6;2;2;4809833
6;2;1;16269431
6;2;0;104798787
6;2;5;1130830
6;2;4;1316202
6;2;3;1893823
6;2;2;4193305
6;2;1;16095303
6;2;0;107270035
6;2;5;1271181
6;2;4;1486194
6;2;3;2166697
6;2;2;4783259
6;2;1;22191512
6;2;0;123736850
6;2;5;1276954
6;2;4;1477328
6;2;3;2060449
6;2;2;4486275
6;2;1;18803813
6;2;0;118708754
6;2;5;1333463
6;2;4;1531814
6;2;3;2122482
6;2;2;4397659
6;2;1;15887480
6;2;0;102358180
6;2;5;1140214
6;2;4;1333683
6;2;3;1928158
6;2;2;4545424
6;2;1;15571543
6;2;0;112438789
6;2;5;1150539
6;2;4;1330370
6;2;3;1900049
6;2;2;4409116
6;2;1;15978504
6;2;0;110734778
6;2;5;1194322
6;2;4;1371835
6;2;3;1921812
6;2;2;4261391
6;2;1;15307604
6;2;0;108483056
6;2;5;1269474
6;2;4;1488865
6;2;3;2063077
6;2;2;4318960
6;2;1;15863621
6;2;0;104768122
6;2;5;1394524
6;2;4;1567900
6;2;3;2163269
6;2;2;4643359
6;2;1;16676365
6;2;0;117344378
6;2;5;1188373
6;2;4;1374935
6;2;3;1961335
6;2;2;4446588
6;2;1;16446652
6;2;0;112606649
6;2;5;1166819
6;2;4;1369970
6;2;3;1960088
6;2;2;4434151
6;2;1;17065270
6;2;0;109553837
6;2;5;1368724
6;2;4;1546711
6;2;3;2133318
6;2;2;4509965
6;2;1;18225736
6;2;0;105077365
6;2;5;1244374
6;2;4;1418121
6;2;3;1962995
6;2;2;4313372
6;2;1;15858866
6;2;0;109903612
6;2;5;1220234
6;2;4;1427416
6;2;3;2003700
6;2;2;4329766
6;2;1;15916435
6;2;0;108988680
6;2;5;1203923
6;2;4;1383392
6;2;3;1941181
6;2;2;4272571
6;2;1;15652723
6;2;0;109856491
6;2;5;1423914
6;2;4;1598516
6;2;3;2144528
6;2;2;4439509
6;2;1;16979138
6;2;0;117035193
6;2;5;1100149
6;2;4;1281253
6;2;3;1840662
6;2;2;4155954
6;2;1;15157657
6;2;0;116452366
6;2;5;1114360
6;2;4;1296567
6;2;3;1872948
6;2;2;4295788
6;2;1;16591164
6;2;0;114105292
6;2;5;1162616
6;2;4;1344550
6;2;3;1895980
6;2;2;4285102
6;2;1;16120636
6;2;0;118302407
6;2;5;1087774
6;2;4;1273357
6;2;3;1883013
6;2;2;4193893
6;2;1;16043269
6;2;0;113875585
6;2;5;1340202
6;2;4;1542111
6;2;3;2138075
6;2;2;4711152
6;2;1;17294276
6;2;0;119222977
6;2;5;1117682
6;2;4;1291762
6;2;3;1853494
6;2;2;4389129
6;2;1;15992305
6;2;0;108402630
6;2;5;1129991
6;2;4;1322348
6;2;3;1931293
6;2;2;4215931
6;2;1;15990402
6;2;0;109204423
6;2;5;1511594
6;2;4;1822725
6;2;3;2857679
6;2;2;5822219
6;2;1;17426177
6;2;0;110903372
6;2;5;1021730
6;2;4;1193930
6;2;3;1752421
6;2;2;4136779
6;2;1;16143804
6;2;0;117962357
6;2;5;1091202
6;2;4;1273169
6;2;3;1865860
6;2;2;4243205
6;2;1;15780448
6;2;0;105073366
6;2;5;1018915
6;2;4;1188722
6;2;3;1811016
6;2;2;4107461
6;2;1;15259094
6;2;0;115996679
6;2;5;1857682
6;2;4;2076273
6;2;3;2674310
6;2;2;4940218
6;2;1;17395775
6;2;0;106408666
6;2;5;1264397
6;2;4;1444541
6;2;3;1998526
6;2;2;4299952
6;2;1;16098205
6;2;0;109651488
6;2;5;1291355
6;2;4;1474619
6;2;3;2079992
6;2;2;4438317
6;2;1;18257128
6;2;0;108920120
6;2;5;1768087
6;2;4;1950790
6;2;3;2515550
6;2;2;4913252
6;2;1;16770427
6;2;0;113863673
6;2;5;1272525
6;2;4;1452515
6;2;3;2021898
6;2;2;4426915
6;2;1;15593685
6;2;0;107668339
6;2;5;1251428
6;2;4;1425293
6;2;3;2002074
6;2;2;4260309
6;2;1;15972364
6;2;0;115347603
6;2;5;1214272
6;2;4;1393350
6;2;3;1948594
6;2;2;4321851
6;2;1;15796691
6;2;0;108987736
6;2;5;1305941
6;2;4;1483677
6;2;3;2045593
6;2;2;4404125
6;2;1;17759418
6;2;0;115081732
6;2;5;1129079
6;2;4;1408158
6;2;3;2162695
6;2;2;4449620
6;2;1;15569103
6;2;0;105353337
6;2;5;1604189
6;2;4;1778261
6;2;3;2333905
6;2;2;4656507
6;2;1;15907335
6;2;0;112561523
6;2;5;1582687
6;2;4;1865505
6;2;3;2586183
6;2;2;4920320
6;2;1;16840063
6;2;0;105706719
6;2;5;1256487
6;2;4;1453831
6;2;3;2060430
6;2;2;4517495
6;2;1;16669647
6;2;0;107277331
6;2;5;1108125
6;2;4;1277991
6;2;3;1848424
6;2;2;4087792
6;2;1;15584366
6;2;0;105451832
6;2;5;1099041
6;2;4;1269827
6;2;3;1823131
6;2;2;4186876
6;2;1;15787779
6;2;0;108754882
6;2;5;1114573
6;2;4;1285221
6;2;3;1817728
6;2;2;4136035
6;2;1;15947753
6;2;0;108737387
6;2;5;1118481
6;2;4;1289540
6;2;3;1868638
6;2;2;4130968
6;2;1;16181511
6;2;0;109473724
6;2;5;1179191
6;2;4;1356234
6;2;3;1935061
6;2;2;4380238
6;2;1;15683364
6;2;0;108116625
6;2;5;1087764
6;2;4;1247356
6;2;3;1786146
6;2;2;3917488
6;2;1;15347146
6;2;0;108417774
6;2;5;1118253
6;2;4;1287056
6;2;3;1880277
6;2;2;4148344
6;2;1;15108585
6;2;0;105367928
6;2;5;1232755
6;2;4;1407503
6;2;3;1944382
6;2;2;4194720
6;2;1;14998612
6;2;0;108706520
6;2;5;1032530
6;2;4;1209398
6;2;3;1785895
6;2;2;4147100
6;2;1;16230060
6;2;0;106876665
6;2;5;1047869
6;2;4;1217302
6;2;3;1764785
6;2;2;3993983
6;2;1;15280419
6;2;0;107125272
6;2;5;1034684
6;2;4;1215575
6;2;3;1802783
6;2;2;4094635
6;2;1;15795948
6;2;0;107285499
6;2;5;1015720
6;2;4;1183681
6;2;3;1739779
6;2;2;3996351
6;2;1;15643939
6;2;0;106566853
6;2;5;1057940
6;2;4;1229935
6;2;3;1802179
6;2;2;4378299
6;2;1;15653210
6;2;0;103981331
6;2;5;1097859
6;2;4;1273077
6;2;3;1847105
6;2;2;4208606
6;2;1;15442439
6;2;0;109656660
6;2;5;1107191
6;2;4;1280372
6;2;3;1870957
6;2;2;4224967
6;2;1;15716284
6;2;0;108362630
6;2;5;1128001
6;2;4;1306403
6;2;3;1878309
6;2;2;4283545
6;2;1;15820933
6;2;0;113968470
6;2;5;1291224
6;2;4;1468058
6;2;3;2063009
6;2;2;4458568
6;2;1;15918017
6;2;0;109656695
6;2;5;1129921
6;2;4;1310382
6;2;3;1882396
6;2;2;4273955
6;2;1;16212438
6;2;0;115126722
6;2;5;1302221
6;2;4;1486888
6;2;3;2037678
6;2;2;4442750
6;2;1;15997198
6;2;0;108443910
6;2;5;2965029
6;2;4;3133857
6;2;3;3733560
6;2;2;6090332
6;2;1;17658837
6;2;0;112412203
6;2;5;1079972
6;2;4;1257758
6;2;3;1833051
6;2;2;4195377
6;2;1;16336838
6;2;0;110327284
6;2;5;1064476
6;2;4;1240594
6;2;3;1804414
6;2;2;4104476
6;2;1;15865776
6;2;0;118326557
6;2;5;1554527
6;2;4;1761664
6;2;3;2328462
6;2;2;4852421
6;2;1;16880356
6;2;0;110963396
6;2;5;1655999
6;2;4;1837324
6;2;3;2417376
6;2;2;4714874
6;2;1;15285996
6;2;0;110488509
6;2;5;2322790
6;2;4;2485358
6;2;3;2997353
6;2;2;5185580
6;2;1;16393702
6;2;0;103213034
6;2;5;1535517
6;2;4;1703188
6;2;3;2242420
6;2;2;4589086
6;2;1;16335338
6;2;0;110067307
6;2;5;1893946
6;2;4;2064699
6;2;3;2634082
6;2;2;5293834
6;2;1;16152437
6;2;0;108976981
6;2;5;1350325
6;2;4;1521840
6;2;3;2070711
6;2;2;4364501
6;2;1;15399162
6;2;0;109854004
6;2;5;1519493
6;2;4;1696618
6;2;3;2264901
6;2;2;4694817
6;2;1;16798902
6;2;0;106376889
6;2;5;1579214
6;2;4;1748425
6;2;3;2308227
6;2;2;4658746
6;2;1;15555579
6;2;0;108504364
6;2;5;1431753
6;2;4;1597487
6;2;3;2147494
6;2;2;4464513
6;2;1;15573708
6;2;0;103481278
6;2;5;1471942
6;2;4;1639979
6;2;3;2171931
6;2;2;4499464
6;2;1;15878913
6;2;0;104539137
6;2;5;1765914
6;2;4;1957813
6;2;3;2647854
6;2;2;5147101
6;2;1;16571074
6;2;0;105223946
6;2;5;1474721
6;2;4;1643048
6;2;3;2195305
6;2;2;4697127
6;2;1;15883678
6;2;0;107841647
6;2;5;1672054
6;2;4;1842473
6;2;3;2421687
6;2;2;4730447
6;2;1;16513019
6;2;0;103463675
6;2;5;1513601
6;2;4;1685154
6;2;3;2259270
6;2;2;4647373
6;2;1;16428076
6;2;0;107298880
6;2;5;1182164
6;2;4;1396711
6;2;3;2194666
6;2;2;5015081
6;2;1;16524392
6;2;0;108143377
6;2;5;1168281
6;2;4;1359792
6;2;3;1938026
6;2;2;4347569
6;2;1;15775381
6;2;0;109717410
6;2;5;1147275
6;2;4;1325154
6;2;3;1902592
6;2;2;4324411
6;2;1;16510987
6;2;0;107160355
6;2;5;1237544
6;2;4;1410274
6;2;3;1960968
6;2;2;4357871
6;2;1;16420883
6;2;0;103744053
6;2;5;1359954
6;2;4;1587146
6;2;3;2234875
6;2;2;4763153
6;2;1;16284742
6;2;0;109565349
6;2;5;1168930
6;2;4;1334796
6;2;3;1911921
6;2;2;4189509
6;2;1;15984293
6;2;0;107246508
6;2;5;990564
6;2;4;1161059
6;2;3;1718329
6;2;2;3939424
6;2;1;15809351
6;2;0;105709479
6;2;5;981305
6;2;4;1146338
6;2;3;1733605
6;2;2;4747696
6;2;1;15267635
6;2;0;102246098
6;2;5;1089217
6;2;4;1269364
6;2;3;2077984
6;2;2;4365841
6;2;1;15879187
6;2;0;105173653
6;2;5;1014906
6;2;4;1186798
6;2;3;1775466
6;2;2;4022194
6;2;1;15765635
6;2;0;107319481
6;2;5;1033304
6;2;4;1202821
6;2;3;1779047
6;2;2;4099896
6;2;1;15970815
6;2;0;105752186
6;2;5;1630529
6;2;4;1918175
6;2;3;2877759
6;2;2;6858783
6;2;1;26713547
6;2;0;118392017
6;2;5;1074067
6;2;4;1241265
6;2;3;1796210
6;2;2;4120649
6;2;1;15888733
6;2;0;103834542
6;2;5;1148882
6;2;4;1317295
6;2;3;1868996
6;2;2;4135959
6;2;1;15960936
6;2;0;108022326
6;2;5;1270529
6;2;4;1444783
6;2;3;2049385
6;2;2;4480527
6;2;1;16339855
6;2;0;103658807
6;2;5;1081397
6;2;4;1255044
6;2;3;1812261
6;2;2;4229742
6;2;1;15984746
6;2;0;112968008
6;2;5;1050792
6;2;4;1222484
6;2;3;1768622
6;2;2;4052244
6;2;1;16042369
6;2;0;106071744
6;2;5;1232251
6;2;4;1404760
6;2;3;1934429
6;2;2;4338001
6;2;1;16005522
6;2;0;109053789
6;2;5;1361401
6;2;4;1539639
6;2;3;2144346
6;2;2;4460750
6;2;1;15993247
6;2;0;110210502
6;2;5;1177414
6;2;4;1350165
6;2;3;1909247
6;2;2;4192068
6;2;1;15652982
6;2;0;106984307
6;2;5;1017721
6;2;4;1182721
6;2;3;1740034
6;2;2;3970306
6;2;1;14667003
6;2;0;102263026
6;2;5;1020885
6;2;4;1188827
6;2;3;1748815
6;2;2;4018758
6;2;1;15671299
6;2;0;108938454
6;2;5;1166075
6;2;4;1357067
6;2;3;1919585
6;2;2;4311040
6;2;1;15679738
6;2;0;108546436
6;2;5;1018830
6;2;4;1192233
6;2;3;1762993
6;2;2;4160145
6;2;1;16381682
6;2;0;105281370
6;2;5;1141996
6;2;4;1338304
6;2;3;1965621
6;2;2;4446567
6;2;1;15585867
6;2;0;106457288
6;2;5;1243876
6;2;4;1421001
6;2;3;1989463
6;2;2;4421587
6;2;1;15990310
6;2;0;110056658
6;2;5;1059441
6;2;4;1249347
6;2;3;1932022
6;2;2;4578570
6;2;1;15912017
6;2;0;105398999
6;2;5;1016013
6;2;4;1193205
6;2;3;1755962
6;2;2;4145735
6;2;1;15572393
6;2;0;110405827
6;2;5;1121403
6;2;4;1289640
6;2;3;1876309
6;2;2;4182342
6;2;1;15307904
6;2;0;103781063
6;2;5;1123444
6;2;4;1291015
6;2;3;1845691
6;2;2;4215455
6;2;1;15384458
6;2;0;104788664
6;2;5;1221914
6;2;4;1543233
6;2;3;2381857
6;2;2;4972416
6;2;1;17656699
6;2;0;108556068
6;2;5;1331389
6;2;4;1505847
6;2;3;2375520
6;2;2;5062934
6;2;1;16756856
6;2;0;108603716
6;2;5;1559225
6;2;4;1770409
6;2;3;2319957
6;2;2;4636209
6;2;1;16334594
6;2;0;112025773
6;2;5;1498547
6;2;4;1672059
6;2;3;2250787
6;2;2;4478122
6;2;1;16370897
6;2;0;107831820
6;2;5;1562698
6;2;4;1734208
6;2;3;2285628
6;2;2;4590907
6;2;1;17147429
6;2;0;108017318
6;2;5;1574614
6;2;4;1746954
6;2;3;2299043
6;2;2;5590662
6;2;1;16840740
6;2;0;111167255
6;2;5;1490968
6;2;4;1670807
6;2;3;2256675
6;2;2;4539000
6;2;1;17780091
6;2;0;106142755
6;2;5;1445471
6;2;4;1622171
6;2;3;2176985
6;2;2;4576135
6;2;1;17282461
6;2;0;109670250
6;2;5;1165246
6;2;4;1334305
6;2;3;2051640
6;2;2;4567936
6;2;1;16181542
6;2;0;108068265
6;2;5;1441594
6;2;4;1613470
6;2;3;2200232
6;2;2;4641301
6;2;1;16219886
6;2;0;107126480
6;2;5;1445786
6;2;4;1618575
6;2;3;2203979
6;2;2;4513516
6;2;1;15441729
6;2;0;104141449
6;2;5;1346585
6;2;4;1516184
6;2;3;2069508
6;2;2;4314403
6;2;1;15803197
6;2;0;109698062
6;2;5;1184617
6;2;4;1356130
6;2;3;1918761
6;2;2;4354508
6;2;1;15922866
6;2;0;106414234
6;2;5;1132084
6;2;4;1407705
6;2;3;2088674
6;2;2;4472902
6;2;1;15418267
6;2;0;111184596
6;2;5;1179166
6;2;4;1351520
6;2;3;1920684
6;2;2;4221190
6;2;1;15550993
6;2;0;108594234
6;2;5;1216216
6;2;4;1387873
6;2;3;1946093
6;2;2;4278912
6;2;1;16081264
6;2;0;109491383
6;2;5;1093957
6;2;4;1264109
6;2;3;1847310
6;2;2;4211998
6;2;1;15390663
6;2;0;107514173
6;2;5;1183778
6;2;4;1355304
6;2;3;1915912
6;2;2;4266271
6;2;1;16358527
6;2;0;112413275
6;2;5;1208246
6;2;4;1387237
6;2;3;1950554
6;2;2;4369533
6;2;1;16098215
6;2;0;102935299
6;2;5;1054463
6;2;4;1212674
6;2;3;1727747
6;2;2;3901026
6;2;1;15899049
6;2;0;106015844
6;2;5;1178467
6;2;4;1368503
6;2;3;2041748
6;2;2;4428435
6;2;1;16443435
6;2;0;106763937
6;2;5;1165493
6;2;4;1334864
6;2;3;1869398
6;2;2;4241404
6;2;1;15684721
6;2;0;106081358
6;2;5;1102560
6;2;4;1269040
6;2;3;1816101
6;2;2;4063126
6;2;1;15517438
6;2;0;105899369
6;2;5;1221190
6;2;4;1391835
6;2;3;1956114
6;2;2;4277559
6;2;1;15542937
6;2;0;105011894
6;2;5;1128904
6;2;4;1321807
6;2;3;1879033
6;2;2;4268839
6;2;1;16550875
6;2;0;107522843
6;2;5;2019721
6;2;4;2195000
6;2;3;2758347
6;2;2;5175490
6;2;1;16853229
6;2;0;112655133
6;2;5;1618467
6;2;4;1819915
6;2;3;2423187
6;2;2;4758255
6;2;1;15859437
6;2;0;105494549
6;2;5;1401690
6;2;4;1571693
6;2;3;2124475
6;2;2;4260281
6;2;1;15309121
6;2;0;110234770
6;2;5;1123198
6;2;4;1289191
6;2;3;1844459
6;2;2;4172696
6;2;1;15514109
6;2;0;106332324
6;2;5;1040625
6;2;4;1216245
6;2;3;1768974
6;2;2;4076763
6;2;1;15533306
6;2;0;112355663
6;2;5;1229450
6;2;4;1437373
6;2;3;2009568
6;2;2;4340143
6;2;1;16569560
6;2;0;107014563
6;2;5;1224610
6;2;4;1395159
6;2;3;1933425
6;2;2;4268612
6;2;1;17201510
6;2;0;116456513
6;2;5;1080141
6;2;4;1250541
6;2;3;1790884
6;2;2;4149920
6;2;1;15769601
6;2;0;109998705
6;2;5;1020861
6;2;4;1186855
6;2;3;1722581
6;2;2;4042036
6;2;1;15367714
6;2;0;106289106
6;2;5;1088812
6;2;4;1279613
6;2;3;1889845
6;2;2;4243040
6;2;1;15380298
6;2;0;108127691
6;2;5;1042119
6;2;4;1248295
6;2;3;1799496
6;2;2;4110707
6;2;1;16887608
6;2;0;114316683
6;2;5;1193069
6;2;4;1358264
6;2;3;1905985
6;2;2;4249825
6;2;1;15723953
6;2;0;107541168
6;2;5;1018210
6;2;4;1184352
6;2;3;1748159
6;2;2;4054448
6;2;1;15615394
6;2;0;110557606
6;2;5;1022256
6;2;4;1188021
6;2;3;1734526
6;2;2;3995302
6;2;1;15459217
6;2;0;106281917
6;2;5;1239702
6;2;4;1405977
6;2;3;1939165
6;2;2;4224902
6;2;1;15474489
6;2;0;114957531
6;2;5;1037930
6;2;4;1208847
6;2;3;1836707
6;2;2;4221054
6;2;1;16342555
6;2;0;103272181
6;2;5;986074
6;2;4;1154518
6;2;3;1704502
6;2;2;4035896
6;2;1;16750874
6;2;0;109722383
6;2;5;1055669
6;2;4;1226128
6;2;3;1764016
6;2;2;4025996
6;2;1;15596485
6;2;0;105799728
6;2;5;1042338
6;2;4;1198808
6;2;3;1716505
6;2;2;3896572
6;2;1;14618547
6;2;0;110520802
6;2;5;1160515
6;2;4;1335740
6;2;3;1898858
6;2;2;4263502
6;2;1;15986148
6;2;0;107125579
6;2;5;1186354
6;2;4;1355337
6;2;3;1915178
6;2;2;4255551
6;2;1;16607951
6;2;0;113461859
6;2;5;1298251
6;2;4;1474865
6;2;3;2022372
6;2;2;4375695
6;2;1;16208753
6;2;0;109472546
6;2;5;1199080
6;2;4;1369678
6;2;3;1937552
6;2;2;4325878
6;2;1;15996547
6;2;0;113934399
6;2;5;1143065
6;2;4;1323372
6;2;3;1895441
6;2;2;5032208
6;2;1;15746378
6;2;0;108398915
6;2;5;1106692
6;2;4;1275162
6;2;3;1812565
6;2;2;4208456
6;2;1;17448305
6;2;0;111867422
6;2;5;1132990
6;2;4;1306031
6;2;3;1882313
6;2;2;4075191
6;2;1;15555857
6;2;0;102777868
6;2;5;1413567
6;2;4;1721759
6;2;3;2378664
6;2;2;4567086
6;2;1;15843582
6;2;0;112784869
6;2;5;1260278
6;2;4;1432962
6;2;3;2000933
6;2;2;4426761
6;2;1;16017971
6;2;0;105506971
6;2;5;1086819
6;2;4;1264719
6;2;3;1830932
6;2;2;4866474
6;2;1;16429681
6;2;0;111153295
6;2;5;1011505
6;2;4;1185488
6;2;3;1734938
6;2;2;4072970
6;2;1;15575514
6;2;0;110287846
6;2;5;1139106
6;2;4;1305854
6;2;3;1852908
6;2;2;4186389
6;2;1;15896315
6;2;0;114598157
6;2;5;1016130
6;2;4;1181412
6;2;3;1772696
6;2;2;4098260
6;2;1;15271676
6;2;0;104183928
6;2;5;1012964
6;2;4;1188445
6;2;3;1751761
6;2;2;4175354
6;2;1;15572237
6;2;0;108449323
6;2;5;1055798
6;2;4;1228830
6;2;3;1790461
6;2;2;4121471
6;2;1;15847677
6;2;0;106909593
6;2;5;1088904
6;2;4;1270772
6;2;3;1804515
6;2;2;4153186
6;2;1;15785383
6;2;0;109154307
6;2;5;1051547
6;2;4;1221750
6;2;3;1817166
6;2;2;4320661
6;2;1;16551075
6;2;0;107107703
6;2;5;1047935
6;2;4;1219976
6;2;3;1784762
6;2;2;4884426
6;2;1;16095884
6;2;0;113676698
6;2;5;1003728
6;2;4;1169326
6;2;3;1709222
6;2;2;4059353
6;2;1;16391512
6;2;0;113423502
6;2;5;1024236
6;2;4;1190119
6;2;3;1734298
6;2;2;3992766
6;2;1;15426700
6;2;0;108990288
6;2;5;1033758
6;2;4;1204495
6;2;3;1770470
6;2;2;4175628
6;2;1;15907638
6;2;0;105262145
6;2;5;1016992
6;2;4;1187209
6;2;3;1743662
6;2;2;4040236
6;2;1;14839403
6;2;0;101716734
6;2;5;1190805
6;2;4;1367558
6;2;3;1964976
6;2;2;4400708
6;2;1;16956282
6;2;0;109020588
6;2;5;1505481
6;2;4;1667440
6;2;3;2192542
6;2;2;4452044
6;2;1;16463362
6;2;0;114826605
6;2;5;1379942
6;2;4;1550330
6;2;3;2090496
6;2;2;4391099
6;2;1;15755099
6;2;0;107382114
6;2;5;1486875
6;2;4;1659613
6;2;3;2211177
6;2;2;4614335
6;2;1;17441279
6;2;0;107371050
6;2;5;1405103
6;2;4;1578332
6;2;3;2158788
6;2;2;4478626
6;2;1;15722253
6;2;0;105288832
6;2;5;1433492
6;2;4;1639604
6;2;3;2177772
6;2;2;4505644
6;2;1;15482484
6;2;0;109783620
6;2;5;1440618
6;2;4;1615380
6;2;3;2182320
6;2;2;4577877
6;2;1;16436146
6;2;0;105980247
6;2;5;1493719
6;2;4;1675920
6;2;3;2247798
6;2;2;4666814
6;2;1;15101618
6;2;0;105215158
6;2;5;1444844
6;2;4;1613368
6;2;3;2162595
6;2;2;4542171
6;2;1;15617614
6;2;0;108921098
6;2;5;1447115
6;2;4;1618222
6;2;3;2198070
6;2;2;4503695
6;2;1;15800178
6;2;0;108830659
6;2;5;1546065
6;2;4;1718670
6;2;3;2330675
6;2;2;4852754
6;2;1;17522396
6;2;0;108057474
6;2;5;1511793
6;2;4;1708162
6;2;3;2297331
6;2;2;4655915
6;2;1;16301360
6;2;0;112665155
6;2;5;1542088
6;2;4;1707790
6;2;3;2252574
6;2;2;4570527
6;2;1;16109267
6;2;0;106328743
6;2;5;1543949
6;2;4;1720971
6;2;3;2308393
6;2;2;4726217
6;2;1;16122943
6;2;0;107812543
6;2;5;1386216
6;2;4;1562145
6;2;3;2131660
6;2;2;4493989
6;2;1;15924164
6;2;0;110040544
6;2;5;1516758
6;2;4;1694627
6;2;3;2261305
6;2;2;4558252
6;2;1;16324034
6;2;0;112529390
6;2;5;1530844
6;2;4;1708723
6;2;3;2286986
6;2;2;4762848
6;2;1;17056532
6;2;0;106336994
6;2;5;1448980
6;2;4;1616543
6;2;3;2168093
6;2;2;4512042
6;2;1;15427667
6;2;0;104464200
6;2;5;1558803
6;2;4;1837755
6;2;3;2495489
6;2;2;4883110
6;2;1;16999871
6;2;0;106806081
6;2;5;1537007
6;2;4;1733944
6;2;3;2266258
6;2;2;4539697
6;2;1;15260251
6;2;0;109108056
6;2;5;1524587
6;2;4;1691667
6;2;3;2243206
6;2;2;4659377
6;2;1;16702165
6;2;0;105578260
6;2;5;1859281
6;2;4;2018078
6;2;3;2569741
6;2;2;4695271
6;2;1;15583266
6;2;0;106655094
6;2;5;1458045
6;2;4;1635140
6;2;3;2216035
6;2;2;4709818
6;2;1;16373958
6;2;0;111597812
6;2;5;1435953
6;2;4;1611084
6;2;3;2190036
6;2;2;4574714
6;2;1;16825667
6;2;0;110043023
6;2;5;1483826
6;2;4;1692402
6;2;3;2273025
6;2;2;4671098
6;2;1;16045827
6;2;0;110918778
6;2;5;1504060
6;2;4;1681719
6;2;3;2237484
6;2;2;4690659
6;2;1;16101060
6;2;0;114152664
6;2;5;1141140
6;2;4;1320069
6;2;3;1912800
6;2;2;4479724
6;2;1;16560106
6;2;0;111258803
6;2;5;1103867
6;2;4;1276544
6;2;3;1858804
6;2;2;4184296
6;2;1;16471553
6;2;0;112335205
6;2;5;1155213
6;2;4;1336104
6;2;3;1947763
6;2;2;4447759
6;2;1;16417222
6;2;0;113312528
6;2;5;1143866
6;2;4;1315915
6;2;3;1880206
6;2;2;4644782
6;2;1;17729283
6;2;0;117361895
6;2;5;1126105
6;2;4;1312341
6;2;3;1893623
6;2;2;6067766
6;2;1;17430760
6;2;0;109561924
6;2;5;1180428
6;2;4;1348107
6;2;3;1910115
6;2;2;4145167
6;2;1;15918817
6;2;0;106322525
6;2;5;1348514
6;2;4;1522543
6;2;3;2164932
6;2;2;4460847
6;2;1;16596022
6;2;0;109380183
6;2;5;1584390
6;2;4;1754796
6;2;3;2335312
6;2;2;4672870
6;2;1;15532352
6;2;0;105375307
6;2;5;1213079
6;2;4;1379777
6;2;3;1969935
6;2;2;4295560
6;2;1;15342823
6;2;0;102945479
6;2;5;1003210
6;2;4;1169689
6;2;3;1712948
6;2;2;4075128
6;2;1;16010014
6;2;0;107622468
6;2;5;1054079
6;2;4;1219092
6;2;3;1778539
6;2;2;4075613
6;2;1;15017617
6;2;0;104567868
6;2;5;1016349
6;2;4;1181763
6;2;3;1748109
6;2;2;4050576
6;2;1;14898956
6;2;0;109726250
6;2;5;1216527
6;2;4;1386789
6;2;3;1919110
6;2;2;4227186
6;2;1;15837707
6;2;0;104369306
6;2;5;1255320
6;2;4;1423800
6;2;3;2002512
6;2;2;4318504
6;2;1;15605386
6;2;0;108808506
6;2;5;1134581
6;2;4;1306580
6;2;3;1873030
6;2;2;4687661
6;2;1;15951302
6;2;0;104973783
6;2;5;1146876
6;2;4;1313878
6;2;3;1879452
6;2;2;5302107
6;2;1;16702924
6;2;0;108064443
6;2;5;1063868
6;2;4;1240686
6;2;3;1760758
6;2;2;4436675
6;2;1;16336572
6;2;0;108915247
6;2;5;1257360
6;2;4;1429405
6;2;3;1997902
6;2;2;4405808
6;2;1;17520749
6;2;0;111125676
6;2;5;1178753
6;2;4;1346315
6;2;3;1902991
6;2;2;4276051
6;2;1;15281993
6;2;0;104449822
6;2;5;1244896
6;2;4;1425746
6;2;3;2009781
6;2;2;4392289
6;2;1;16586677
6;2;0;112937367
6;2;5;1315806
6;2;4;1522724
6;2;3;2275256
6;2;2;4949639
6;2;1;15739534
6;2;0;110771453
6;2;5;1146104
6;2;4;1314180
6;2;3;1861184
6;2;2;4192959
6;2;1;15720268
6;2;0;111723192
6;2;5;1216147
6;2;4;1386714
6;2;3;1935664
6;2;2;4143831
6;2;1;15641099
6;2;0;105008851
6;2;5;1173680
6;2;4;1342240
6;2;3;1895656
6;2;2;4190926
6;2;1;16375754
6;2;0;103371471
6;2;5;1363275
6;2;4;1541268
6;2;3;2301154
6;2;2;4869728
6;2;1;16307372
6;2;0;105791640
6;2;5;1194421
6;2;4;1360929
6;2;3;1905297
6;2;2;5037614
6;2;1;15824263
6;2;0;108444016
6;2;5;1174843
6;2;4;1348085
6;2;3;1912248
6;2;2;4409739
6;2;1;15419441
6;2;0;105938236
6;2;5;1071974
6;2;4;1232483
6;2;3;1752101
6;2;2;4089264
6;2;1;15586455
6;2;0;110115594
6;2;5;1216442
6;2;4;1386289
6;2;3;1945125
6;2;2;4303556
6;2;1;15713484
6;2;0;107729906
6;2;5;1055155
6;2;4;1264510
6;2;3;1847398
6;2;2;4092343
6;2;1;15808683
6;2;0;106630545
6;2;5;1101512
6;2;4;1282537
6;2;3;1855611
6;2;2;4174216
6;2;1;17390019
6;2;0;108338485
6;2;5;1161579
6;2;4;1339187
6;2;3;1946622
6;2;2;4247086
6;2;1;16940510
6;2;0;111483675
6;2;5;1040297
6;2;4;1207619
6;2;3;1837283
6;2;2;4423119
6;2;1;15605277
6;2;0;106829697
6;2;5;1147553
6;2;4;1317836
6;2;3;1876940
6;2;2;4134345
6;2;1;15036235
6;2;0;107991086
6;2;5;1232642
6;2;4;1409974
6;2;3;1969324
6;2;2;4345241
6;2;1;15951026
6;2;0;113803601
6;2;5;1262165
6;2;4;1430040
6;2;3;1994896
6;2;2;4279708
6;2;1;15356527
6;2;0;107384995
6;2;5;1212327
6;2;4;1384794
6;2;3;1937138
6;2;2;4190903
6;2;1;15753078
6;2;0;105342757
6;2;5;1191525
6;2;4;1356324
6;2;3;1891640
6;2;2;4081119
6;2;1;15442003
6;2;0;109687116
6;2;5;1189574
6;2;4;1361275
6;2;3;1920532
6;2;2;4296704
6;2;1;15869417
6;2;0;106851687
6;2;5;1267852
6;2;4;1529407
6;2;3;2217624
6;2;2;5667011
6;2;1;17046446
6;2;0;115742945
6;2;5;1201524
6;2;4;1375994
6;2;3;1951753
6;2;2;4318264
6;2;1;15949516
6;2;0;101728482
6;2;5;1490830
6;2;4;1663378
6;2;3;2236889
6;2;2;4437660
6;2;1;15664896
6;2;0;109476761
6;2;5;1440500
6;2;4;1613004
6;2;3;2188161
6;2;2;4598363
6;2;1;16983693
6;2;0;105712878
6;2;5;1182342
6;2;4;1351645
6;2;3;1914918
6;2;2;4215444
6;2;1;17410020
6;2;0;109376852
6;2;5;1496149
6;2;4;1675096
6;2;3;2240002
6;2;2;4574754
6;2;1;16798556
6;2;0;107341429
6;2;5;2109064
6;2;4;2318687
6;2;3;2869651
6;2;2;5331183
6;2;1;16990687
6;2;0;112139448
6;2;5;1043914
6;2;4;1216816
6;2;3;1846212
6;2;2;4160189
6;2;1;15320991
6;2;0;103628725
6;2;5;1008010
6;2;4;1174768
6;2;3;1764009
6;2;2;4066001
6;2;1;15482767
6;2;0;106564581
6;2;5;1287141
6;2;4;1525610
6;2;3;2311513
6;2;2;4724023
6;2;1;16297054
6;2;0;111427695
6;2;5;1023026
6;2;4;1190474
6;2;3;1726841
6;2;2;4176004
6;2;1;16166536
6;2;0;111077599
6;2;5;1096997
6;2;4;1278950
6;2;3;1839751
6;2;2;4203183
6;2;1;15547366
6;2;0;102302127
6;2;5;1185750
6;2;4;1353168
6;2;3;1903631
6;2;2;4505828
6;2;1;16915959
6;2;0;117381399
6;2;5;1013182
6;2;4;1184510
6;2;3;1757179
6;2;2;5378531
6;2;1;17168587
6;2;0;107350471
6;2;5;1160108
6;2;4;1330642
6;2;3;1875989
6;2;2;4205671
6;2;1;16728951
6;2;0;108100809
6;2;5;1250347
6;2;4;1462871
6;2;3;2063933
6;2;2;4300201
6;2;1;15729600
6;2;0;105370555
6;2;5;1045472
6;2;4;1214945
6;2;3;1755471
6;2;2;4152650
6;2;1;16788184
6;2;0;111879336
6;2;5;1006955
6;2;4;1178921
6;2;3;1742496
6;2;2;4125248
6;2;1;15948956
6;2;0;107647127
6;2;5;1256245
6;2;4;1421844
6;2;3;1973816
6;2;2;4221941
6;2;1;16080232
6;2;0;113267031
6;2;5;1096153
6;2;4;1262941
6;2;3;1820668
6;2;2;4222839
6;2;1;15534008
6;2;0;105575598
6;2;5;1261929
6;2;4;1428717
6;2;3;2009018
6;2;2;4323023
6;2;1;15550629
6;2;0;111030422
6;2;5;1043600
6;2;4;1217637
6;2;3;1819222
6;2;2;4343942
6;2;1;15886974
6;2;0;110070869
6;2;5;1182868
6;2;4;1355930
6;2;3;1925317
6;2;2;4218363
6;2;1;16283047
6;2;0;113446276
6;2;5;1013585
6;2;4;1184647
6;2;3;1749193
6;2;2;4096034
6;2;1;15446263
6;2;0;106527273
6;2;5;1016828
6;2;4;1182829
6;2;3;1720798
6;2;2;4054569
6;2;1;15668218
6;2;0;109234195
6;2;5;1177380
6;2;4;1355338
6;2;3;1912789
6;2;2;4261225
6;2;1;16140712
6;2;0;107792906
6;2;5;1173105
6;2;4;1341848
6;2;3;1902474
6;2;2;4700697
6;2;1;16100207
6;2;0;108396597
6;2;5;1186251
6;2;4;1356762
6;2;3;1915358
6;2;2;4271065
6;2;1;15430380
6;2;0;106423870
6;2;5;1044938
6;2;4;1218101
6;2;3;1787393
6;2;2;4137316
6;2;1;16168940
6;2;0;105969313
6;2;5;1053574
6;2;4;1223534
6;2;3;1753219
6;2;2;4114673
6;2;1;15718216
6;2;0;107148633
6;2;5;1212656
6;2;4;1383995
6;2;3;1954253
6;2;2;4295130
6;2;1;16223845
6;2;0;106738297
6;2;5;1082713
6;2;4;1261219
6;2;3;1827397
6;2;2;4159541
6;2;1;16545916
6;2;0;110363007
6;2;5;1109822
6;2;4;1275881
6;2;3;1862843
6;2;2;4086007
6;2;1;15886839
6;2;0;110789320
6;2;5;1086168
6;2;4;1252810
6;2;3;1801815
6;2;2;4015222
6;2;1;15462678
6;2;0;105863029
6;2;5;1349429
6;2;4;1593629
6;2;3;2186979
6;2;2;4577152
6;2;1;15566583
6;2;0;103395459
6;2;5;1249127
6;2;4;1484110
6;2;3;2092792
6;2;2;4514233
6;2;1;15857476
6;2;0;106784455
6;2;5;1171616
6;2;4;1344749
6;2;3;1904660
6;2;2;4206986
6;2;1;15712413
6;2;0;110618072
6;2;5;1081791
6;2;4;1249615
6;2;3;1790015
6;2;2;4298626
6;2;1;17415436
6;2;0;116435313
6;2;5;1010966
6;2;4;1179181
6;2;3;1771039
6;2;2;4334691
6;2;1;18509251
6;2;0;110016333
6;2;5;978643
6;2;4;1154806
6;2;3;1726599
6;2;2;4026489
6;2;1;15594948
6;2;0;101646317
6;2;5;981155
6;2;4;1150268
6;2;3;1696221
6;2;2;4836497
6;2;1;16117658
6;2;0;112111627
6;2;5;1032404
6;2;4;1221625
6;2;3;1798349
6;2;2;4096833
6;2;1;15453309
6;2;0;109399957
6;2;5;1150395
6;2;4;1320822
6;2;3;1889375
6;2;2;4286214
6;2;1;17012563
6;2;0;105835460
6;2;5;1011868
6;2;4;1180836
6;2;3;1733847
6;2;2;4992277
6;2;1;16223122
6;2;0;105781772
6;2;5;1080378
6;2;4;1247290
6;2;3;1762561
6;2;2;4993378
6;2;1;15671605
6;2;0;116373009
6;2;5;1220567
6;2;4;1390134
6;2;3;1940832
6;2;2;4985813
6;2;1;16468062
6;2;0;108400589
6;2;5;1195975
6;2;4;1374189
6;2;3;1941454
6;2;2;5247576
6;2;1;16304417
6;2;0;108866459
6;2;5;2237313
6;2;4;2412188
6;2;3;2954026
6;2;2;5261308
6;2;1;16723187
6;2;0;105174866
6;2;5;1165863
6;2;4;1330999
6;2;3;1878798
6;2;2;4076918
6;2;1;15804076
6;2;0;107512460
6;2;5;1103068
6;2;4;1273642
6;2;3;1837507
6;2;2;4106002
6;2;1;16073128
6;2;0;104691717
6;2;5;1243307
6;2;4;1434139
6;2;3;2041073
6;2;2;4861401
6;2;1;16664236
6;2;0;106115464
6;2;5;1160581
6;2;4;1347551
6;2;3;2065532
6;2;2;4466513
6;2;1;16041353
6;2;0;107084831
6;2;5;1148297
6;2;4;1316002
6;2;3;1854619
6;2;2;4137915
6;2;1;15662288
6;2;0;107143189
6;2;5;1361187
6;2;4;1530035
6;2;3;2093665
6;2;2;4353329
6;2;1;15928387
6;2;0;103943881
6;2;5;1414306
6;2;4;1581702
6;2;3;2126413
6;2;2;4416511
6;2;1;16288048
6;2;0;109804530
6;2;5;2003236
6;2;4;2161700
6;2;3;2696179
6;2;2;4760060
6;2;1;16778126
6;2;0;107491708
6;2;5;1211975
6;2;4;1381093
6;2;3;1916484
6;2;2;4296847
6;2;1;16313359
6;2;0;115150692
6;2;5;1206613
6;2;4;1379917
6;2;3;1937421
6;2;2;4336306
6;2;1;16214751
6;2;0;108536012
6;2;5;1212084
6;2;4;1382923
6;2;3;1925714
6;2;2;4340757
6;2;1;17388519
6;2;0;114912713
6;2;5;1242130
6;2;4;1417253
6;2;3;1976462
6;2;2;4238687
6;2;1;16002510
6;2;0;109463550
6;2;5;1201233
6;2;4;1365551
6;2;3;1924728
6;2;2;4167292
6;2;1;16976182
6;2;0;112100323
6;2;5;1030487
6;2;4;1191295
6;2;3;1705483
6;2;2;3883029
6;2;1;15259830
6;2;0;106692980
6;2;5;1050881
6;2;4;1219958
6;2;3;1777574
6;2;2;4107323
6;2;1;15752494
6;2;0;105829344
6;2;5;1138032
6;2;4;1310053
6;2;3;1883401
6;2;2;4302960
6;2;1;16777360
6;2;0;104690712
6;2;5;1144940
6;2;4;1315424
6;2;3;1873556
6;2;2;4317975
6;2;1;15799662
6;2;0;111563853
6;2;5;1064683
6;2;4;1230804
6;2;3;1787125
6;2;2;4170347
6;2;1;15234217
6;2;0;101743478
6;2;5;1332958
6;2;4;1500766
6;2;3;2114649
6;2;2;4274949
6;2;1;15307374
6;2;0;102099387
6;2;5;1099791
6;2;4;1271989
6;2;3;1845306
6;2;2;4159930
6;2;1;15972369
6;2;0;104134270
6;2;5;1004755
6;2;4;1169822
6;2;3;1712907
6;2;2;4101626
6;2;1;16251194
6;2;0;112052165
6;2;5;1147484
6;2;4;1322705
6;2;3;1892452
6;2;2;4223237
6;2;1;16126967
6;2;0;110420882
6;2;5;1254476
6;2;4;1426703
6;2;3;1989903
6;2;2;4434885
6;2;1;17253919
6;2;0;112972269
6;2;5;1205546
6;2;4;1381390
6;2;3;1943638
6;2;2;4314432
6;2;1;15864897
6;2;0;107179632
6;2;5;1178166
6;2;4;1381636
6;2;3;1917051
6;2;2;4278872
6;2;1;16634659
6;2;0;116125722
6;2;5;1224221
6;2;4;1395777
6;2;3;1951967
6;2;2;4238380
6;2;1;16152929
6;2;0;112298893
6;2;5;1182765
6;2;4;1349525
6;2;3;1901796
6;2;2;4279394
6;2;1;15653789
6;2;0;106787551
6;2;5;1106770
6;2;4;1283662
6;2;3;1861490
6;2;2;4192452
6;2;1;15432519
6;2;0;104923027
6;2;5;1111398
6;2;4;1277353
6;2;3;1826619
6;2;2;4157563
6;2;1;15697489
6;2;0;105873346
6;2;5;1124074
6;2;4;1291242
6;2;3;1851766
6;2;2;4239764
6;2;1;15541408
6;2;0;105224727
6;2;5;1146373
6;2;4;1310111
6;2;3;1853872
6;2;2;4195250
6;2;1;16095296
6;2;0;110051812
6;2;5;1141808
6;2;4;1337840
6;2;3;1883107
6;2;2;4197566
6;2;1;15743672
6;2;0;107143875
6;2;5;1034118
6;2;4;1192374
6;2;3;1780985
6;2;2;4238423
6;2;1;16322373
6;2;0;105883993
6;2;5;1235712
6;2;4;1465120
6;2;3;2029150
6;2;2;4565815
6;2;1;16225673
6;2;0;103641789
6;2;5;1141603
6;2;4;1309364
6;2;3;1858750
6;2;2;4242922
6;2;1;15230958
6;2;0;104895632
6;2;5;1138908
6;2;4;1436109
6;2;3;2162462
6;2;2;4669532
6;2;1;16607628
6;2;0;118648674
6;2;5;1412888
6;2;4;1596800
6;2;3;2137078
6;2;2;5693158
6;2;1;17053670
6;2;0;111651926
6;2;5;1467466
6;2;4;1641537
6;2;3;2211297
6;2;2;4572617
6;2;1;15902232
6;2;0;105070757
6;2;5;1525889
6;2;4;1699419
6;2;3;2278176
6;2;2;4551951
6;2;1;16635058
6;2;0;111251440
6;2;5;1537654
6;2;4;1708300
6;2;3;2263442
6;2;2;4519806
6;2;1;15566630
6;2;0;109542988
6;2;5;1578595
6;2;4;1736998
6;2;3;2263618
6;2;2;4389818
6;2;1;15059134
6;2;0;108434518
6;2;5;1427095
6;2;4;1584714
6;2;3;2111470
6;2;2;4280783
6;2;1;17117975
6;2;0;109060986
6;2;5;1570609
6;2;4;1744804
6;2;3;2302797
6;2;2;5045726
6;2;1;16969073
6;2;0;115599383
6;2;5;1604044
6;2;4;1771393
6;2;3;2313614
6;2;2;4728576
6;2;1;16703783
6;2;0;106201068
6;2;5;1546036
6;2;4;1704518
6;2;3;2217587
6;2;2;4385317
6;2;1;15864481
6;2;0;109272193
6;2;5;1397178
6;2;4;1577310
6;2;3;2140161
6;2;2;4557175
6;2;1;16490450
6;2;0;105933174
6;2;5;1404056
6;2;4;1574284
6;2;3;2122048
6;2;2;4459162
6;2;1;16963191
6;2;0;111098275
6;2;5;1398317
6;2;4;1572017
6;2;3;2146830
6;2;2;4653408
6;2;1;15418520
6;2;0;107262423
6;2;5;1395276
6;2;4;1570972
6;2;3;2150603
6;2;2;5515564
6;2;1;16243376
6;2;0;107872409
6;2;5;1438444
6;2;4;1615566
6;2;3;2199309
6;2;2;4551142
6;2;1;16208420
6;2;0;104849727
6;2;5;1414375
6;2;4;1580518
6;2;3;2118464
6;2;2;4476288
6;2;1;16951648
6;2;0;109340914
6;2;5;1539213
6;2;4;1715830
6;2;3;2262555
6;2;2;4602979
6;2;1;17334145
6;2;0;107315294
6;2;5;1437763
6;2;4;1607921
6;2;3;2145097
6;2;2;4629393
6;2;1;17018663
6;2;0;108440153
6;2;5;1080928
6;2;4;1253007
6;2;3;1817730
6;2;2;4082414
6;2;1;16301371
6;2;0;106909148
6;2;5;1146948
6;2;4;1319704
6;2;3;1875336
6;2;2;4305753
6;2;1;17092498
6;2;0;113513218
6;2;5;1037441
6;2;4;1215641
6;2;3;1763684
6;2;2;4249667
6;2;1;15911407
6;2;0;105840887
6;2;5;1004931
6;2;4;1171312
6;2;3;1703952
6;2;2;4041477
6;2;1;16070669
6;2;0;114937539
6;2;5;1224003
6;2;4;1401901
6;2;3;1945841
6;2;2;4364938
6;2;1;16766212
6;2;0;108427757
6;2;5;1203597
6;2;4;1372822
6;2;3;1923640
6;2;2;4248716
6;2;1;17780555
6;2;0;117132099
6;2;5;1186657
6;2;4;1361215
6;2;3;1944308
6;2;2;4361268
6;2;1;16298848
6;2;0;107738545
6;2;5;1212983
6;2;4;1386680
6;2;3;1965793
6;2;2;4317028
6;2;1;15965522
6;2;0;112667939
6;2;5;1152602
6;2;4;1323317
6;2;3;1867202
6;2;2;4354412
6;2;1;16354416
6;2;0;105882889
6;2;5;1111076
6;2;4;1283583
6;2;3;1822911
6;2;2;4110268
6;2;1;15958009
6;2;0;115915717
6;2;5;1181410
6;2;4;1352084
6;2;3;1891780
6;2;2;4105469
6;2;1;16317286
6;2;0;109404945
6;2;5;1177659
6;2;4;1351083
6;2;3;1926285
6;2;2;4172456
6;2;1;15981735
6;2;0;105399016
6;2;5;1150924
6;2;4;1323000
6;2;3;1912745
6;2;2;4179232
6;2;1;15769353
6;2;0;103396476
6;2;5;1167294
6;2;4;1344719
6;2;3;1906495
6;2;2;4212621
6;2;1;15912208
6;2;0;108391967
6;2;5;1143427
6;2;4;1315361
6;2;3;1881750
6;2;2;4262681
6;2;1;15909229
6;2;0;106777503
6;2;5;1230958
6;2;4;1397219
6;2;3;1955614
6;2;2;4259489
6;2;1;16358903
6;2;0;113677644
6;2;5;1218289
6;2;4;1390077
6;2;3;1965632
6;2;2;4244454
6;2;1;16117633
6;2;0;108201523
6;2;5;1216224
6;2;4;1387160
6;2;3;1947237
6;2;2;4382544
6;2;1;16061261
6;2;0;110096495
6;2;5;1177296
6;2;4;1357486
6;2;3;1903331
6;2;2;4307836
6;2;1;16038773
6;2;0;109347451
6;2;5;1300598
6;2;4;1483043
6;2;3;2064068
6;2;2;4508372
6;2;1;16173090
6;2;0;115286558
6;2;5;1088217
6;2;4;1255815
6;2;3;2151971
6;2;2;4469623
6;2;1;15810901
6;2;0;103864162
6;2;5;1542308
6;2;4;1702657
6;2;3;2220105
6;2;2;4440913
6;2;1;15524994
6;2;0;100912723
6;2;5;1255111
6;2;4;1451749
6;2;3;2039670
6;2;2;4529145
6;2;1;16949867
6;2;0;109946126
6;2;5;1133526
6;2;4;1300551
6;2;3;1875785
6;2;2;4353738
6;2;1;15861739
6;2;0;111085123
6;2;5;1055649
6;2;4;1239293
6;2;3;1795238
6;2;2;4191773
6;2;1;15738877
6;2;0;108707217
6;2;5;1007688
6;2;4;1173137
6;2;3;1710587
6;2;2;4141400
6;2;1;21017244
6;2;0;128763119
6;2;5;1060456
6;2;4;1227626
6;2;3;1762639
6;2;2;4097226
6;2;1;16481708
6;2;0;103275609
6;2;5;1033267
6;2;4;1194879
6;2;3;1717557
6;2;2;3894141
6;2;1;14467317
6;2;0;107024056
6;2;5;1693820
6;2;4;1923411
6;2;3;2628576
6;2;2;4997973
6;2;1;16866121
6;2;0;108792096
6;2;5;1398856
6;2;4;1570656
6;2;3;2120158
6;2;2;4446808
6;2;1;15438669
6;2;0;104963279
6;2;5;1376628
6;2;4;1551155
6;2;3;2106621
6;2;2;5476401
6;2;1;17059132
6;2;0;107386943
6;2;5;1498116
6;2;4;1667989
6;2;3;2240644
6;2;2;4859124
6;2;1;16286032
6;2;0;107334481
6;2;5;1490534
6;2;4;1675165
6;2;3;2248557
6;2;2;4704547
6;2;1;16756555
6;2;0;108955851
6;2;5;1533651
6;2;4;1692379
6;2;3;2222682
6;2;2;4762182
6;2;1;15465146
6;2;0;110474499
6;2;5;1360233
6;2;4;1529251
6;2;3;2065665
6;2;2;4273180
6;2;1;15497988
6;2;0;106268298
6;2;5;1511205
6;2;4;1690362
6;2;3;2253201
6;2;2;4504667
6;2;1;16185724
6;2;0;108888483
6;2;5;1456859
6;2;4;1627866
6;2;3;2170866
6;2;2;5251923
6;2;1;17065959
6;2;0;106167745
6;2;5;1417169
6;2;4;1574199
6;2;3;2105197
6;2;2;4399919
6;2;1;17711817
6;2;0;110542675
6;2;5;1658182
6;2;4;1831799
6;2;3;2386910
6;2;2;4697618
6;2;1;15893795
6;2;0;105274724
6;2;5;1442306
6;2;4;1609506
6;2;3;2173041
6;2;2;4520897
6;2;1;16070901
6;2;0;107461068
6;2;5;1500387
6;2;4;1663533
6;2;3;2220191
6;2;2;4411949
6;2;1;15762294
6;2;0;107065044
6;2;5;1499483
6;2;4;1657020
6;2;3;2188087
6;2;2;4423638
6;2;1;14854548
6;2;0;102527475
6;2;5;1733104
6;2;4;2044706
6;2;3;3085738
6;2;2;5680847
6;2;1;16677419
6;2;0;104830658
6;2;5;1166564
6;2;4;1335319
6;2;3;1883591
6;2;2;4108777
6;2;1;15761241
6;2;0;109156984
6;2;5;1236892
6;2;4;1426396
6;2;3;1999347
6;2;2;4494662
6;2;1;16860378
6;2;0;110087357
6;2;5;1296922
6;2;4;1458822
6;2;3;1988738
6;2;2;4064220
6;2;1;15331444
6;2;0;110088696
6;2;5;1630966
6;2;4;2042802
6;2;3;3198529
6;2;2;5813916
6;2;1;16885283
6;2;0;110312575
6;2;5;1126389
6;2;4;1295521
6;2;3;1849940
6;2;2;4217907
6;2;1;16086688
6;2;0;114490829
6;2;5;1098837
6;2;4;1273145
6;2;3;1826706
6;2;2;4199262
6;2;1;16834317
6;2;0;107241006
6;2;5;1157406
6;2;4;1323360
6;2;3;1872195
6;2;2;5103937
6;2;1;17732604
6;2;0;111552144
6;2;5;1153715
6;2;4;1324083
6;2;3;1880099
6;2;2;5279902
6;2;1;16266153
6;2;0;106244417
6;2;5;1025354
6;2;4;1182125
6;2;3;1754464
6;2;2;4310362
6;2;1;17064483
6;2;0;112043127
6;2;5;1040460
6;2;4;1218337
6;2;3;1759279
6;2;2;4132434
6;2;1;15131495
6;2;0;108020786
6;2;5;1030295
6;2;4;1186396
6;2;3;1749937
6;2;2;3892204
6;2;1;15082003
6;2;0;104980450
6;2;5;1062017
6;2;4;1222405
6;2;3;1745423
6;2;2;4009779
6;2;1;14859463
6;2;0;107879604
6;2;5;1218686
6;2;4;1383272
6;2;3;1923367
6;2;2;5255288
6;2;1;16439763
6;2;0;109919751
6;2;5;1048376
6;2;4;1214558
6;2;3;1785837
6;2;2;4020037
6;2;1;15967372
6;2;0;103823309
6;2;5;1196099
6;2;4;1388750
6;2;3;1943335
6;2;2;4216970
6;2;1;15625103
6;2;0;106718466
6;2;5;1120646
6;2;4;1298688
6;2;3;1849971
6;2;2;4195141
6;2;1;16592255
6;2;0;108753186
6;2;5;1056346
6;2;4;1220043
6;2;3;1731620
6;2;2;3833409
6;2;1;14944570
6;2;0;109534336
6;2;5;1084863
6;2;4;1250440
6;2;3;1794233
6;2;2;4114612
6;2;1;16431313
6;2;0;111476369
6;2;5;1132591
6;2;4;1308899
6;2;3;1894437
6;2;2;4386640
6;2;1;16466205
6;2;0;110408298
6;2;5;1068914
6;2;4;1237552
6;2;3;1783433
6;2;2;4151135
6;2;1;15996640
6;2;0;106272968
6;2;5;1161510
6;2;4;1334335
6;2;3;1894245
6;2;2;4271444
6;2;1;16139009
6;2;0;110957956
6;2;5;1050935
6;2;4;1227721
6;2;3;1774678
6;2;2;4165809
6;2;1;15617228
6;2;0;109224529
6;2;5;1075000
6;2;4;1242654
6;2;3;1839146
6;2;2;4127726
6;2;1;15808351
6;2;0;106660498
6;2;5;1065137
6;2;4;1231665
6;2;3;1782350
6;2;2;4324238
6;2;1;14925723
6;2;0;101277109
6;2;5;1030034
6;2;4;1303885
6;2;3;1909971
6;2;2;4314165
6;2;1;15987871
6;2;0;104861483
6;2;5;1217959
6;2;4;1398179
6;2;3;1956312
6;2;2;4851195
6;2;1;17530422
6;2;0;108716639
6;2;5;1163060
6;2;4;1329299
6;2;3;1883390
6;2;2;5216013
6;2;1;15706317
6;2;0;110023487
6;2;5;1171636
6;2;4;1343060
6;2;3;1910875
6;2;2;4393140
6;2;1;15644891
6;2;0;107568217
6;2;5;1046391
6;2;4;1232683
6;2;3;1802734
6;2;2;4023734
6;2;1;15649799
6;2;0;113520788
6;2;5;1212525
6;2;4;1391075
6;2;3;1990103
6;2;2;4366961
6;2;1;16526936
6;2;0;105847336
6;2;5;1207544
6;2;4;1403119
6;2;3;1952180
6;2;2;4372643
6;2;1;16139579
6;2;0;108780022
6;2;5;1420710
6;2;4;1594261
6;2;3;2152914
6;2;2;4623235
6;2;1;16938343
6;2;0;111608296
6;2;5;1528995
6;2;4;1708518
6;2;3;2276065
6;2;2;4661319
6;2;1;16584091
6;2;0;111220355
6;2;5;1426594
6;2;4;1598200
6;2;3;2169764
6;2;2;4493235
6;2;1;16013888
6;2;0;103567610
6;2;5;1500942
6;2;4;1681623
6;2;3;2272532
6;2;2;4661748
6;2;1;16667656
6;2;0;112513300
6;2;5;1641128
6;2;4;1816387
6;2;3;2382131
6;2;2;4789110
6;2;1;16556861
6;2;0;111421271
6;2;5;1653186
6;2;4;1822704
6;2;3;2396387
6;2;2;4740642
6;2;1;16329992
6;2;0;110678617
6;2;5;1531493
6;2;4;1696783
6;2;3;2214741
6;2;2;4322145
6;2;1;14884402
6;2;0;103370800
6;2;5;1583088
6;2;4;1742175
6;2;3;2308524
6;2;2;4567119
6;2;1;15049145
6;2;0;107382529
6;2;5;1493777
6;2;4;1678145
6;2;3;2332039
6;2;2;4750513
6;2;1;16857014
6;2;0;110321353
6;2;5;1340838
6;2;4;1506439
6;2;3;2060352
6;2;2;4300187
6;2;1;16046070
6;2;0;108919209
6;2;5;1339573
6;2;4;1505509
6;2;3;2056704
6;2;2;4336438
6;2;1;15821225
6;2;0;107271334
6;2;5;1387836
6;2;4;1556062
6;2;3;2140842
6;2;2;4452853
6;2;1;15645101
6;2;0;108308293
6;2;5;1435493
6;2;4;1607420
6;2;3;2172725
6;2;2;4525353
6;2;1;16360360
6;2;0;109152197
6;2;5;1566112
6;2;4;1728898
6;2;3;2255820
6;2;2;4346731
6;2;1;15357812
6;2;0;107841066
6;2;5;1379748
6;2;4;1550835
6;2;3;2144582
6;2;2;4332536
6;2;1;16553620
6;2;0;105247329
6;2;5;1516114
6;2;4;1681430
6;2;3;2230263
6;2;2;4582348
6;2;1;15802965
6;2;0;110227593
6;2;5;1417123
6;2;4;1586308
6;2;3;2132977
6;2;2;4404992
6;2;1;16019583
6;2;0;105043577
6;2;5;1507339
6;2;4;1676364
6;2;3;2226795
6;2;2;4382057
6;2;1;16545786
6;2;0;106999945
6;2;5;1051217
6;2;4;1221396
6;2;3;1777999
6;2;2;4082741
6;2;1;15777789
6;2;0;108409546
6;2;5;1525058
6;2;4;1694652
6;2;3;2245971
6;2;2;4493974
6;2;1;15681766
6;2;0;111652610
6;2;5;1568712
6;2;4;1734560
6;2;3;2285979
6;2;2;4521356
6;2;1;16890398
6;2;0;106600283
6;2;5;1530336
6;2;4;1693552
6;2;3;2243633
6;2;2;4425016
6;2;1;16477795
6;2;0;111820298
6;2;5;1516306
6;2;4;1690118
6;2;3;2242034
6;2;2;4701656
6;2;1;15825996
6;2;0;105387716
6;2;5;1553882
6;2;4;1720848
6;2;3;2252528
6;2;2;4615335
6;2;1;16241379
6;2;0;114182043
6;2;5;1034824
6;2;4;1210921
6;2;3;1788711
6;2;2;4223941
6;2;1;16412221
6;2;0;111076502
6;2;5;1197840
6;2;4;1374109
6;2;3;1973619
6;2;2;4286742
6;2;1;15371194
6;2;0;108786478
6;2;5;1232620
6;2;4;1509035
6;2;3;2496213
6;2;2;6670003
6;2;1;26297273
6;2;0;117653827
6;2;5;1237823
6;2;4;1405614
6;2;3;1935624
6;2;2;4520621
6;2;1;16185134
6;2;0;109604417
6;2;5;1174618
6;2;4;1348436
6;2;3;1919250
6;2;2;4303926
6;2;1;15934469
6;2;0;102728969
6;2;5;1163871
6;2;4;1333266
6;2;3;1890528
6;2;2;4225055
6;2;1;15963515
6;2;0;108818399
6;2;5;1098633
6;2;4;1263993
6;2;3;1811002
6;2;2;4076267
6;2;1;16960182
6;2;0;103475561
6;2;5;1207169
6;2;4;1376307
6;2;3;1945564
6;2;2;4995679
6;2;1;16992752
6;2;0;108949558
6;2;5;1088475
6;2;4;1280493
6;2;3;1854186
6;2;2;4334246
6;2;1;16165682
6;2;0;112295369
6;2;5;1207540
6;2;4;1378871
6;2;3;1956058
6;2;2;4354149
6;2;1;15728089
6;2;0;107212295
6;2;5;988214
6;2;4;1153723
6;2;3;1693602
6;2;2;3958871
6;2;1;15423427
6;2;0;108312736
6;2;5;993692
6;2;4;1162687
6;2;3;1709861
6;2;2;3992760
6;2;1;15602350
6;2;0;108910128
6;2;5;1034165
6;2;4;1205609
6;2;3;1788062
6;2;2;4088045
6;2;1;15419537
6;2;0;107195085
6;2;5;986408
6;2;4;1156809
6;2;3;1720260
6;2;2;4083590
6;2;1;16132245
6;2;0;111080104
6;2;5;1096536
6;2;4;1278717
6;2;3;1856776
6;2;2;4301827
6;2;1;16004283
6;2;0;108896304
6;2;5;1205227
6;2;4;1376116
6;2;3;1950540
6;2;2;4937651
6;2;1;16585459
6;2;0;109874719
6;2;5;2020139
6;2;4;2346049
6;2;3;3067283
6;2;2;5573041
6;2;1;17743160
6;2;0;108006460
6;2;5;991172
6;2;4;1156116
6;2;3;1700208
6;2;2;3960572
6;2;1;15930754
6;2;0;118994355
6;2;5;1134378
6;2;4;1304441
6;2;3;1878117
6;2;2;4263363
6;2;1;15611172
6;2;0;104303659
6;2;5;1195505
6;2;4;1374870
6;2;3;1947922
6;2;2;4379174
6;2;1;16296073
6;2;0;108645343
6;2;5;1078705
6;2;4;1249759
6;2;3;1809255
6;2;2;4341104
6;2;1;15768336
6;2;0;107354796
6;2;5;1063546
6;2;4;1232195
6;2;3;1798488
6;2;2;4165868
6;2;1;15474318
6;2;0;111803213
6;2;5;1195502
6;2;4;1408745
6;2;3;2167849
6;2;2;5228471
6;2;1;17608637
6;2;0;109986450
6;2;5;1210880
6;2;4;1380907
6;2;3;1943218
6;2;2;4457426
6;2;1;16098123
6;2;0;113019713
6;2;5;1126443
6;2;4;1294389
6;2;3;1851070
6;2;2;4109573
6;2;1;15743409
6;2;0;105051709
6;2;5;1579399
6;2;4;1754043
6;2;3;2388172
6;2;2;4763108
6;2;1;16288837
6;2;0;115457968
6;2;5;1264141
6;2;4;1439561
6;2;3;2004489
6;2;2;5484544
6;2;1;16347453
6;2;0;119477689
6;2;5;1482240
6;2;4;1820257
6;2;3;2601310
6;2;2;5198027
6;2;1;16775241
6;2;0;109184035
6;2;5;1202211
6;2;4;1368581
6;2;3;1897912
6;2;2;4271643
6;2;1;15425825
6;2;0;106171217
6;2;5;1017712
6;2;4;1187259
6;2;3;1746907
6;2;2;4137681
6;2;1;15540563
6;2;0;105377839
6;2;5;1033058
6;2;4;1199450
6;2;3;1740139
6;2;2;5078715
6;2;1;16523645
6;2;0;108711702
6;2;5;1438960
6;2;4;1607349
6;2;3;2145937
6;2;2;4459051
6;2;1;18295549
6;2;0;110109133
6;2;5;1690408
6;2;4;1864635
6;2;3;2457637
6;2;2;4854228
6;2;1;16269710
6;2;0;104121561
6;2;5;1168168
6;2;4;1332114
6;2;3;1874580
6;2;2;4198235
6;2;1;15560475
6;2;0;113271430
6;2;5;1094569
6;2;4;1269382
6;2;3;1831245
6;2;2;4041995
6;2;1;15938396
6;2;0;107285700
6;2;5;1075010
6;2;4;1322435
6;2;3;2222492
6;2;2;4694376
6;2;1;16388654
6;2;0;109455416
6;2;5;1037831
6;2;4;1202405
6;2;3;1764697
6;2;2;3996534
6;2;1;15639411
6;2;0;104655580
6;2;5;1080193
6;2;4;1234799
6;2;3;1803295
6;2;2;4238615
6;2;1;15015352
6;2;0;103504311
6;2;5;1176999
6;2;4;1346898
6;2;3;1994753
6;2;2;4785491
6;2;1;16239684
6;2;0;107968329
6;2;5;1063285
6;2;4;1229266
6;2;3;1780702
6;2;2;4017796
6;2;1;15905216
6;2;0;108461400
6;2;5;1081297
6;2;4;1247823
6;2;3;1893387
6;2;2;4498476
6;2;1;15546994
6;2;0;107967564
6;2;5;1066379
6;2;4;1222938
6;2;3;1791905
6;2;2;3914014
6;2;1;14378083
6;2;0;109730328
6;2;5;1334476
6;2;4;1502246
6;2;3;2117523
6;2;2;4454193
6;2;1;15542794
6;2;0;107288158
6;2;5;1171444
6;2;4;1337391
6;2;3;1890690
6;2;2;4117466
6;2;1;14903842
6;2;0;106624461
6;2;5;1031253
6;2;4;1199981
6;2;3;1741813
6;2;2;4039256
6;2;1;15948014
6;2;0;108512459
6;2;5;1557932
6;2;4;1826014
6;2;3;2571893
6;2;2;5222615
6;2;1;16948885
6;2;0;108349226
6;2;5;1158318
6;2;4;1327951
6;2;3;1904619
6;2;2;4288480
6;2;1;15990681
6;2;0;105453279
6;2;5;1173208
6;2;4;1344692
6;2;3;1899751
6;2;2;4254071
6;2;1;15897526
6;2;0;108848454
6;2;5;1100619
6;2;4;1270671
6;2;3;1842499
6;2;2;4234871
6;2;1;15598741
6;2;0;107070608
6;2;5;1646916
6;2;4;1820270
6;2;3;2374565
6;2;2;4704415
6;2;1;15581334
6;2;0;112046701
6;2;5;1251505
6;2;4;1429918
6;2;3;2033117
6;2;2;4383516
6;2;1;16985452
6;2;0;104690213
6;2;5;1164359
6;2;4;1330747
6;2;3;1904621
6;2;2;4919728
6;2;1;16701154
6;2;0;112263628
6;2;5;1183663
6;2;4;1356611
6;2;3;1927601
6;2;2;4247980
6;2;1;16125766
6;2;0;110484443
6;2;5;989607
6;2;4;1159150
6;2;3;1709290
6;2;2;3929378
6;2;1;15548181
6;2;0;115547207
6;2;5;989532
6;2;4;1174139
6;2;3;1733734
6;2;2;4095564
6;2;1;17745928
6;2;0;111138929
6;2;5;999359
6;2;4;1167568
6;2;3;1742071
6;2;2;4117775
6;2;1;15370981
6;2;0;108505539
6;2;5;1202185
6;2;4;1368859
6;2;3;1926838
6;2;2;4214821
6;2;1;15939674
6;2;0;106453975
6;2;5;984653
6;2;4;1149589
6;2;3;1723358
6;2;2;4063413
6;2;1;16675123
6;2;0;108503616
6;2;5;1147633
6;2;4;1322123
6;2;3;1889992
6;2;2;4194585
6;2;1;15518447
6;2;0;105647644
6;2;5;995872
6;2;4;1159583
6;2;3;1693361
6;2;2;4052071
6;2;1;15899453
6;2;0;107468894
6;2;5;1007572
6;2;4;1186345
6;2;3;1750494
6;2;2;3974213
6;2;1;14900150
6;2;0;105518575
6;2;5;991608
6;2;4;1161510
6;2;3;1707339
6;2;2;4044762
6;2;1;15263947
6;2;0;105787756
6;2;5;1059370
6;2;4;1247138
6;2;3;1820514
6;2;2;4145597
6;2;1;15764634
6;2;0;109236988
6;2;5;1125920
6;2;4;1295700
6;2;3;1865041
6;2;2;4329739
6;2;1;15890067
6;2;0;115068585
6;2;5;1133841
6;2;4;1313066
6;2;3;1890354
6;2;2;4447843
6;2;1;16775151
6;2;0;109718742
6;2;5;1035352
6;2;4;1201011
6;2;3;1754061
6;2;2;4072383
6;2;1;14920001
6;2;0;103485861
6;2;5;1043808
6;2;4;1210925
6;2;3;1744788
6;2;2;4100199
6;2;1;15434804
6;2;0;106149991
6;2;5;1168712
6;2;4;1332585
6;2;3;1857236
6;2;2;4129800
6;2;1;15770539
6;2;0;108348870
6;2;5;987960
6;2;4;1153342
6;2;3;1701224
6;2;2;4368570
6;2;1;16985365
6;2;0;108249142
6;2;5;1029155
6;2;4;1208262
6;2;3;1756292
6;2;2;4089143
6;2;1;16685567
6;2;0;107869804
6;2;5;1038561
6;2;4;1201189
6;2;3;1726505
6;2;2;3845732
6;2;1;15669031
6;2;0;105309366
6;2;5;1065791
6;2;4;1231706
6;2;3;1781362
6;2;2;4089101
6;2;1;15324162
6;2;0;105919332
6;2;5;1217141
6;2;4;1394133
6;2;3;2004593
6;2;2;4365506
6;2;1;15882250
6;2;0;110167403
6;2;5;1215464
6;2;4;1383924
6;2;3;1950168
6;2;2;4326815
6;2;1;15996659
6;2;0;110361067
6;2;5;994919
6;2;4;1163791
6;2;3;1690494
6;2;2;3953941
6;2;1;15509475
6;2;0;108506766
6;2;5;1091045
6;2;4;1260940
6;2;3;1830666
6;2;2;4111180
6;2;1;15356939
6;2;0;106657230
6;2;5;1005306
6;2;4;1175778
6;2;3;1784954
6;2;2;4114934
6;2;1;15703490
6;2;0;106652151
6;2;5;989932
6;2;4;1155759
6;2;3;1704075
6;2;2;3962305
6;2;1;15213934
6;2;0;115287081
6;2;5;1197026
6;2;4;1371611
6;2;3;1943677
6;2;2;4172313
6;2;1;15388694
6;2;0;103976241
6;2;5;1203082
6;2;4;1369349
6;2;3;1926080
6;2;2;4139616
6;2;1;16570104
6;2;0;110103674
6;2;5;1097983
6;2;4;1268115
6;2;3;1820486
6;2;2;4315595
6;2;1;15428171
6;2;0;107327348
6;2;5;1230257
6;2;4;1396200
6;2;3;1949607
6;2;2;4271965
6;2;1;15741017
6;2;0;107977342
6;2;5;1029473
6;2;4;1202991
6;2;3;1771415
6;2;2;4046842
6;2;1;16013667
6;2;0;107466684
6;2;5;996057
6;2;4;1161569
6;2;3;1721235
6;2;2;4092626
6;2;1;15293823
6;2;0;102722706
6;2;5;1021463
6;2;4;1191325
6;2;3;1759583
6;2;2;4012787
6;2;1;15546851
6;2;0;109187091
6;2;5;996818
6;2;4;1162563
6;2;3;1720142
6;2;2;3998787
6;2;1;15263101
6;2;0;105564170
6;2;5;988214
6;2;4;1166602
6;2;3;1715496
6;2;2;4060034
6;2;1;15181452
6;2;0;107238393
6;2;5;989771
6;2;4;1157348
6;2;3;1717837
6;2;2;4000591
6;2;1;15772079
6;2;0;102944017
6;2;5;1289871
6;2;4;1465475
6;2;3;2073086
6;2;2;4521829
6;2;1;16503204
6;2;0;105905007
6;2;5;1164250
6;2;4;1342593
6;2;3;1913631
6;2;2;4373797
6;2;1;15847608
6;2;0;107327925
6;2;5;1069992
6;2;4;1246906
6;2;3;1837980
6;2;2;4161198
6;2;1;15620461
6;2;0;108032576
6;2;5;1066765
6;2;4;1231957
6;2;3;1778934
6;2;2;4164577
6;2;1;15420017
6;2;0;114716546
6;2;5;1134443
6;2;4;1341559
6;2;3;1900353
6;2;2;4252015
6;2;1;16901896
6;2;0;110491429
6;2;5;1134566
6;2;4;1304637
6;2;3;1857981
6;2;2;4189148
6;2;1;14526270
6;2;0;103733737
6;2;5;1300801
6;2;4;1492162
6;2;3;2043232
6;2;2;4202849
6;2;1;15844260
6;2;0;103276404
6;2;5;1199017
6;2;4;1366244
6;2;3;1924064
6;2;2;4089382
6;2;1;15981138
6;2;0;103170360
6;2;5;1696229
6;2;4;1996076
6;2;3;3012523
6;2;2;6648462
6;2;1;18331988
6;2;0;105796319
6;2;5;1132392
6;2;4;1296754
6;2;3;1853533
6;2;2;4474285
6;2;1;16652600
6;2;0;115307527
6;2;5;1014722
6;2;4;1199056
6;2;3;1813880
6;2;2;4272218
6;2;1;15965715
6;2;0;105588914
6;2;5;964774
6;2;4;1138280
6;2;3;1683348
6;2;2;3975873
6;2;1;14967118
6;2;0;113622297
6;2;5;1059640
6;2;4;1309123
6;2;3;1998862
6;2;2;4901988
6;2;1;16869591
6;2;0;111083126
6;2;5;996906
6;2;4;1160524
6;2;3;1723654
6;2;2;4025917
6;2;1;15342191
6;2;0;109938479
6;2;5;1296344
6;2;4;1470319
6;2;3;2041377
6;2;2;4378797
6;2;1;15366516
6;2;0;105356214
6;2;5;1449726
6;2;4;1622222
6;2;3;2183013
6;2;2;4627650
6;2;1;16261704
6;2;0;108091893
6;2;5;1212310
6;2;4;1377454
6;2;3;1926273
6;2;2;4228120
6;2;1;15777640
6;2;0;108488872
6;2;5;1182201
6;2;4;1347659
6;2;3;1891579
6;2;2;4159422
6;2;1;17445568
6;2;0;109701278
6;2;5;1207044
6;2;4;1374345
6;2;3;1933798
6;2;2;4330249
6;2;1;16120738
6;2;0;102933774
6;2;5;1134344
6;2;4;1300773
6;2;3;1851177
6;2;2;4153645
6;2;1;16596278
6;2;0;108739761
6;2;5;1267156
6;2;4;1468583
6;2;3;2017199
6;2;2;4235656
6;2;1;15771350
6;2;0;105509075
6;2;5;1200850
6;2;4;1368194
6;2;3;1934248
6;2;2;4342348
6;2;1;16915712
6;2;0;112037424
6;2;5;1191669
6;2;4;1361591
6;2;3;1926283
6;2;2;5115653
6;2;1;16592563
6;2;0;108379905
6;2;5;1167755
6;2;4;1334898
6;2;3;1901979
6;2;2;4181056
6;2;1;15510926
6;2;0;105105299
6;2;5;1168268
6;2;4;1341884
6;2;3;1899418
6;2;2;4569439
6;2;1;16931349
6;2;0;110959923
6;2;5;1158091
6;2;4;1334595
6;2;3;1901594
6;2;2;4348785
6;2;1;15304674
6;2;0;105661817
6;2;5;1106613
6;2;4;1277094
6;2;3;1824319
6;2;2;4231759
6;2;1;16830615
6;2;0;112372553
6;2;5;1067370
6;2;4;1236794
6;2;3;1786542
6;2;2;4167292
6;2;1;15545366
6;2;0;108490798
6;2;5;1144005
6;2;4;1309265
6;2;3;1855565
6;2;2;4136657
6;2;1;15002108
6;2;0;104891434
6;2;5;1058273
6;2;4;1217656
6;2;3;1737853
6;2;2;3895473
6;2;1;14692785
6;2;0;105420385
6;2;5;1061396
6;2;4;1234288
6;2;3;1805199
6;2;2;4158871
6;2;1;15659875
6;2;0;106110879
6;2;5;1095545
6;2;4;1261772
6;2;3;1821161
6;2;2;4152602
6;2;1;17418325
6;2;0;107925666
6;2;5;1025323
6;2;4;1194935
6;2;3;1758574
6;2;2;4750281
6;2;1;16512532
6;2;0;110616280
6;2;5;1169125
6;2;4;1342174
6;2;3;1921042
6;2;2;4372754
6;2;1;16056665
6;2;0;109679816
6;2;5;1215556
6;2;4;1383758
6;2;3;1948786
6;2;2;4212708
6;2;1;16036235
6;2;0;105249558
6;2;5;1192969
6;2;4;1365394
6;2;3;1939981
6;2;2;4184220
6;2;1;16910595
6;2;0;111169876
6;2;5;1106346
6;2;4;1280710
6;2;3;1832125
6;2;2;4229541
6;2;1;16877985
6;2;0;109254656
6;2;5;1164540
6;2;4;1334847
6;2;3;1912985
6;2;2;4252870
6;2;1;16030129
6;2;0;107904787
6;2;5;1326143
6;2;4;1503848
6;2;3;2063709
6;2;2;4616384
6;2;1;16674663
6;2;0;108402528
6;2;5;1058889
6;2;4;1231035
6;2;3;1836968
6;2;2;6303006
6;2;1;17736380
6;2;0;109114024
6;2;5;1202580
6;2;4;1369787
6;2;3;1927283
6;2;2;4101684
6;2;1;15027614
6;2;0;107633355
6;2;5;1139466
6;2;4;1311222
6;2;3;1873622
6;2;2;4218876
6;2;1;15530312
6;2;0;104492750
6;2;5;1240524
6;2;4;1410030
6;2;3;2023232
6;2;2;4428034
6;2;1;16109553
6;2;0;103659476
6;2;5;1181613
6;2;4;1349336
6;2;3;1901687
6;2;2;4102613
6;2;1;14932988
6;2;0;104276344
6;2;5;1175667
6;2;4;1380218
6;2;3;2039700
6;2;2;4569040
6;2;1;16677738
6;2;0;103861365
6;2;5;1402421
6;2;4;1567867
6;2;3;2123025
6;2;2;5729335
6;2;1;17886439
6;2;0;105713543
6;2;5;1273053
6;2;4;1455012
6;2;3;2029700
6;2;2;4394940
6;2;1;15226964
6;2;0;104576047
6;2;5;1181759
6;2;4;1348569
6;2;3;1895146
6;2;2;4261419
6;2;1;16115473
6;2;0;110213299
6;2;5;1160742
6;2;4;1325859
6;2;3;1914773
6;2;2;4191016
6;2;1;15693249
6;2;0;103051173
6;2;5;1141734
6;2;4;1309228
6;2;3;1907142
6;2;2;4173326
6;2;1;15195938
6;2;0;107865254
6;2;5;1502777
6;2;4;1704557
6;2;3;2251932
6;2;2;4686182
6;2;1;16766510
6;2;0;107418861
6;2;5;1046447
6;2;4;1431050
6;2;3;2248429
6;2;2;4627430
6;2;1;15846184
6;2;0;105689433
6;2;5;1254098
6;2;4;1506043
6;2;3;2051363
6;2;2;4365223
6;2;1;17033529
6;2;0;104051240
6;2;5;1010397
6;2;4;1185610
6;2;3;1770610
6;2;2;4191522
6;2;1;16256727
6;2;0;104001261
6;2;5;1027324
6;2;4;1201226
6;2;3;1829128
6;2;2;4578806
6;2;1;17840312
6;2;0;108191765
6;2;5;989293
6;2;4;1159798
6;2;3;1722323
6;2;2;4063644
6;2;1;15784912
6;2;0;106861212
6;2;5;1013419
6;2;4;1189879
6;2;3;1772212
6;2;2;4226367
6;2;1;16528488
6;2;0;105857554
6;2;5;1020432
6;2;4;1190726
6;2;3;1741419
6;2;2;4243672
6;2;1;16341138
6;2;0;107768801
6;2;5;1073242
6;2;4;1245773
6;2;3;1815952
6;2;2;4139736
6;2;1;16109276
6;2;0;104904845
6;2;5;1338951
6;2;4;1517419
6;2;3;2029374
6;2;2;5212503
6;2;1;18732462
6;2;0;113903081
6;2;5;972463
6;2;4;1149535
6;2;3;1697568
6;2;2;4572187
6;2;1;16219935
6;2;0;105341900
6;2;5;973550
6;2;4;1137195
6;2;3;1677003
6;2;2;4071364
6;2;1;16036047
6;2;0;111508396
6;2;5;963426
6;2;4;1135515
6;2;3;1722810
6;2;2;4040834
6;2;1;15774652
6;2;0;110589383
6;2;5;1163445
6;2;4;1328142
6;2;3;1873900
6;2;2;4253009
6;2;1;17026395
6;2;0;110693543
6;2;5;1267342
6;2;4;1441607
6;2;3;2012291
6;2;2;4336419
6;2;1;16070642
6;2;0;104041695
6;2;5;1218441
6;2;4;1389334
6;2;3;1931795
6;2;2;4527049
6;2;1;16617256
6;2;0;108547163
6;2;5;1147579
6;2;4;1323403
6;2;3;1892794
6;2;2;4352200
6;2;1;16601779
6;2;0;107436669
6;2;5;1164991
6;2;4;1333272
6;2;3;1889242
6;2;2;4218912
6;2;1;15376688
6;2;0;106362579
6;2;5;1028005
6;2;4;1203501
6;2;3;1799721
6;2;2;4175180
6;2;1;15371763
6;2;0;107541745
6;2;5;1471845
6;2;4;1647806
6;2;3;2209792
6;2;2;4600499
6;2;1;16194019
6;2;0;106538381
6;2;5;1151665
6;2;4;1323945
6;2;3;1882694
6;2;2;4182918
6;2;1;15427821
6;2;0;102674460
6;2;5;1161867
6;2;4;1326422
6;2;3;1903804
6;2;2;4631778
6;2;1;16085553
6;2;0;116188885
6;2;5;1128505
6;2;4;1296873
6;2;3;1872562
6;2;2;4365464
6;2;1;16360701
6;2;0;110791485
6;2;5;988490
6;2;4;1158234
6;2;3;1707792
6;2;2;3995517
6;2;1;15175150
6;2;0;108718135
6;2;5;1093805
6;2;4;1266262
6;2;3;1848778
6;2;2;4158691
6;2;1;15711547
6;2;0;108166831
6;2;5;991733
6;2;4;1159133
6;2;3;1723308
6;2;2;4059163
6;2;1;15612426
6;2;0;109214807
6;2;5;1013346
6;2;4;1179877
6;2;3;1741862
6;2;2;4170674
6;2;1;16123759
6;2;0;110050115
6;2;5;992824
6;2;4;1162582
6;2;3;1709486
6;2;2;4091775
6;2;1;15386584
6;2;0;110221683
6;2;5;1139776
6;2;4;1314027
6;2;3;1845168
6;2;2;4224318
6;2;1;15058539
6;2;0;105628519
6;2;5;988674
6;2;4;1155688
6;2;3;1693280
6;2;2;4042701
6;2;1;14958751
6;2;0;106796205
6;2;5;1029157
6;2;4;1197560
6;2;3;1766086
6;2;2;4194926
6;2;1;15729357
6;2;0;106400012
6;2;5;1480829
6;2;4;1647260
6;2;3;2206414
6;2;2;4466310
6;2;1;15750810
6;2;0;112645293
6;2;5;1341872
6;2;4;1508290
6;2;3;2068191
6;2;2;4290492
6;2;1;16172483
6;2;0;105924611
6;2;5;1537031
6;2;4;1710589
6;2;3;2283088
6;2;2;5146655
6;2;1;16924614
6;2;0;108857534
6;2;5;1381530
6;2;4;1567961
6;2;3;2148283
6;2;2;4505758
6;2;1;16035583
6;2;0;107782693
6;2;5;988389
6;2;4;1155879
6;2;3;1704511
6;2;2;3972067
6;2;1;15659978
6;2;0;106180918
6;2;5;996138
6;2;4;1167114
6;2;3;1716191
6;2;2;3947737
6;2;1;17127333
6;2;0;111105547
6;2;5;1166939
6;2;4;1335714
6;2;3;1900038
6;2;2;4243246
6;2;1;15304697
6;2;0;108411281
6;2;5;1032938
6;2;4;1215797
6;2;3;1809487
6;2;2;4273660
6;2;1;16023137
6;2;0;109958186
6;2;5;1025232
6;2;4;1195852
6;2;3;1788801
6;2;2;4034640
6;2;1;15342009
6;2;0;106238935
6;2;5;1081497
6;2;4;1252400
6;2;3;1808312
6;2;2;4261421
6;2;1;16017886
6;2;0;106531134
6;2;5;995582
6;2;4;1163417
6;2;3;1709755
6;2;2;4033873
6;2;1;15056086
6;2;0;112476842
6;2;5;965461
6;2;4;1130053
6;2;3;1675622
6;2;2;3994345
6;2;1;15621723
6;2;0;106749491
6;2;5;1000872
6;2;4;1169206
6;2;3;1700617
6;2;2;4252866
6;2;1;15700733
6;2;0;107870713
6;2;5;1129654
6;2;4;1296292
6;2;3;1858036
6;2;2;4247529
6;2;1;15710304
6;2;0;104486970
6;2;5;1133001
6;2;4;1301869
6;2;3;1853546
6;2;2;4099648
6;2;1;16352255
6;2;0;106642816
6;2;5;1198679
6;2;4;1406392
6;2;3;2059997
6;2;2;4699105
6;2;1;17968004
6;2;0;107900893
6;2;5;1200497
6;2;4;1368653
6;2;3;1918011
6;2;2;4256637
6;2;1;14513810
6;2;0;104621044
6;2;5;1145709
6;2;4;1317935
6;2;3;1864021
6;2;2;4248213
6;2;1;15351228
6;2;0;107127313
6;2;5;1155409
6;2;4;1322248
6;2;3;1914853
6;2;2;4254592
6;2;1;15877286
6;2;0;104487091
6;2;5;1463630
6;2;4;1636291
6;2;3;2242012
6;2;2;4468039
6;2;1;16698219
6;2;0;107475465
6;2;5;1135147
6;2;4;1309979
6;2;3;1844418
6;2;2;4104673
6;2;1;15570760
6;2;0;106242289
6;2;5;1165975
6;2;4;1336238
6;2;3;1896662
6;2;2;4243518
6;2;1;15773526
6;2;0;107238967
6;2;5;1063363
6;2;4;1231839
6;2;3;1787955
6;2;2;4182520
6;2;1;15429883
6;2;0;110328833
6;2;5;1186465
6;2;4;1367315
6;2;3;1959968
6;2;2;4468161
6;2;1;16933693
6;2;0;110057715
6;2;5;987108
6;2;4;1149917
6;2;3;1674859
6;2;2;4051616
6;2;1;15641874
6;2;0;111521647
6;2;5;1016023
6;2;4;1188635
6;2;3;1750720
6;2;2;4193033
6;2;1;15449046
6;2;0;105183543
6;2;5;1122977
6;2;4;1297880
6;2;3;1845550
6;2;2;4014825
6;2;1;15709462
6;2;0;106475519
6;2;5;1159440
6;2;4;1328042
6;2;3;1953621
6;2;2;4489917
6;2;1;16228377
6;2;0;105558390
6;2;5;1087844
6;2;4;1289456
6;2;3;1861746
6;2;2;4156344
6;2;1;15520599
6;2;0;106072018
6;2;5;1315198
6;2;4;1583418
6;2;3;2309607
6;2;2;5598205
6;2;1;17279862
6;2;0;105086215
6;2;5;1151356
6;2;4;1319896
6;2;3;1887775
6;2;2;4171491
6;2;1;15485316
6;2;0;108752106
6;2;5;988209
6;2;4;1159564
6;2;3;1705353
6;2;2;4030313
6;2;1;16032044
6;2;0;106905363
6;2;5;1206825
6;2;4;1370407
6;2;3;1931037
6;2;2;4292367
6;2;1;17283211
6;2;0;108498885
6;2;5;1174144
6;2;4;1338630
6;2;3;1886013
6;2;2;4263835
6;2;1;15372713
6;2;0;108527848
6;2;5;1153304
6;2;4;1320881
6;2;3;1894243
6;2;2;4169844
6;2;1;15943297
6;2;0;110489692
6;2;5;1011395
6;2;4;1210953
6;2;3;1783264
6;2;2;4103217
6;2;1;15900738
6;2;0;105927962
6;2;5;985500
6;2;4;1150480
6;2;3;1698357
6;2;2;4029056
6;2;1;15204685
6;2;0;106278318
6;2;5;1147844
6;2;4;1324213
6;2;3;1876000
6;2;2;4288190
6;2;1;15398157
6;2;0;106209132
6;2;5;1140596
6;2;4;1308258
6;2;3;1847665
6;2;2;4232292
6;2;1;15162826
6;2;0;111518451
6;2;5;4812154
6;2;4;5160540
6;2;3;6265969
6;2;2;10341777
6;2;1;24014717
6;2;0;113243770
6;2;5;1256919
6;2;4;1478984
6;2;3;2173599
6;2;2;4566557
6;2;1;16625034
6;2;0;118308713
6;2;5;1139288
6;2;4;1304454
6;2;3;1844266
6;2;2;4169191
6;2;1;16155183
6;2;0;108035401
6;2;5;1211875
6;2;4;1385236
6;2;3;1957928
6;2;2;4292022
6;2;1;16190758
6;2;0;113709358
6;2;5;1121955
6;2;4;1298899
6;2;3;1944218
6;2;2;4322594
6;2;1;16734501
6;2;0;106997227
6;2;5;956520
6;2;4;1120905
6;2;3;1657472
6;2;2;4798512
6;2;1;16591339
6;2;0;109785594
6;2;5;1011028
6;2;4;1181979
6;2;3;1747130
6;2;2;4088475
6;2;1;15617122
6;2;0;106405024
6;2;5;961610
6;2;4;1131324
6;2;3;1688860
6;2;2;4019860
6;2;1;14627540
6;2;0;109211140
6;2;5;1047475
6;2;4;1222298
6;2;3;2010587
6;2;2;4868310
6;2;1;17369130
6;2;0;107868064
6;2;5;1467937
6;2;4;1691390
6;2;3;2353977
6;2;2;4650118
6;2;1;15686048
6;2;0;111638793
6;2;5;1077812
6;2;4;1251050
6;2;3;1814702
6;2;2;4182731
6;2;1;18675430
6;2;0;109389455
6;2;5;1145104
6;2;4;1311711
6;2;3;1852494
6;2;2;4103438
6;2;1;14873880
6;2;0;101616438
6;2;5;1130211
6;2;4;1316800
6;2;3;1931481
6;2;2;4385010
6;2;1;15928551
6;2;0;107512342
6;2;5;1316182
6;2;4;1602107
6;2;3;2276188
6;2;2;5111984
6;2;1;16501059
6;2;0;108982113
6;2;5;1187743
6;2;4;1358911
6;2;3;1917383
6;2;2;4336731
6;2;1;15742396
6;2;0;105064702
6;2;5;1120357
6;2;4;1288895
6;2;3;1852667
6;2;2;4211586
6;2;1;15777463
6;2;0;107140361
6;2;5;1183054
6;2;4;1355000
6;2;3;1904951
6;2;2;5401648
6;2;1;16274170
6;2;0;106704420
6;2;5;1154834
6;2;4;1325871
6;2;3;1870106
6;2;2;4292814
6;2;1;15978219
6;2;0;110506624
6;2;5;1210551
6;2;4;1373774
6;2;3;1935094
6;2;2;4257529
6;2;1;15342699
6;2;0;104344336
6;2;5;998325
6;2;4;1161801
6;2;3;1714981
6;2;2;4208677
6;2;1;15635611
6;2;0;108974155
6;2;5;1069498
6;2;4;1244324
6;2;3;1817559
6;2;2;4175101
6;2;1;15899855
6;2;0;107629943
6;2;5;959266
6;2;4;1123561
6;2;3;1680907
6;2;2;3843455
6;2;1;15021001
6;2;0;106196721
6;2;5;1069649
6;2;4;1247328
6;2;3;1812031
6;2;2;4162888
6;2;1;15548754
6;2;0;107185640
6;2;5;2080266
6;2;4;2262388
6;2;3;2808486
6;2;2;4944423
6;2;1;16240269
6;2;0;103180239
6;2;5;1202569
6;2;4;1370377
6;2;3;1956466
6;2;2;4259470
6;2;1;15338775
6;2;0;109113813
6;2;5;1211775
6;2;4;1383517
6;2;3;1974957
6;2;2;4445250
6;2;1;16077885
6;2;0;109043137
6;2;5;1000916
6;2;4;1164690
6;2;3;1702249
6;2;2;4016147
6;2;1;15594198
6;2;0;113050058
6;2;5;1032673
6;2;4;1200615
6;2;3;1743636
6;2;2;4050090
6;2;1;16254918
6;2;0;109588649
6;2;5;1249442
6;2;4;1420384
6;2;3;2010292
6;2;2;4383984
6;2;1;15981137
6;2;0;108939399
6;2;5;1061798
6;2;4;1230610
6;2;3;1793955
6;2;2;4011197
6;2;1;15282520
6;2;0;108607148
6;2;5;1197049
6;2;4;1366945
6;2;3;2017578
6;2;2;4290540
6;2;1;15906459
6;2;0;107834054
6;2;5;1138112
6;2;4;1307606
6;2;3;1889629
6;2;2;4181698
6;2;1;15220236
6;2;0;108342158
6;2;5;1142769
6;2;4;1308286
6;2;3;1855926
6;2;2;4210577
6;2;1;16042234
6;2;0;107783717
6;2;5;1199844
6;2;4;1379384
6;2;3;1925231
6;2;2;4197221
6;2;1;15677815
6;2;0;109878746
6;2;5;1095737
6;2;4;1272995
6;2;3;1882511
6;2;2;4197269
6;2;1;16220991
6;2;0;106122565
6;2;5;1129433
6;2;4;1296882
6;2;3;1847845
6;2;2;4620762
6;2;1;16445944
6;2;0;110163742
6;2;5;1193508
6;2;4;1368149
6;2;3;1947116
6;2;2;4364173
6;2;1;16999637
6;2;0;106274865
6;2;5;1219697
6;2;4;1391461
6;2;3;1983844
6;2;2;4344136
6;2;1;15977762
6;2;0;110733113
6;2;5;1183887
6;2;4;1353944
6;2;3;1916587
6;2;2;4242172
6;2;1;16207229
6;2;0;108569865
6;2;5;1232344
6;2;4;1402051
6;2;3;1967513
6;2;2;4718719
6;2;1;16064430
6;2;0;106754891
6;2;5;1133089
6;2;4;1305865
6;2;3;1849313
6;2;2;4181897
6;2;1;15933908
6;2;0;109821265
6;2;5;1213900
6;2;4;1382519
6;2;3;1950296
6;2;2;4319588
6;2;1;15558490
6;2;0;106516469
6;2;5;1266253
6;2;4;1443426
6;2;3;2017331
6;2;2;4376909
6;2;1;16413448
6;2;0;104633520
6;2;5;1162252
6;2;4;1337291
6;2;3;1904984
6;2;2;4271609
6;2;1;16352347
6;2;0;107187612
6;2;5;1044567
6;2;4;1219877
6;2;3;1815004
6;2;2;4306796
6;2;1;16552555
6;2;0;101280223
6;2;5;1114485
6;2;4;1277586
6;2;3;1830637
6;2;2;4166066
6;2;1;16783708
6;2;0;109790120
6;2;5;2814868
6;2;4;2991691
6;2;3;3583013
6;2;2;6120425
6;2;1;18935744
6;2;0;114421069
6;2;5;1136120
6;2;4;1307278
6;2;3;1861901
6;2;2;4138546
6;2;1;15938251
6;2;0;109045167
6;2;5;1130354
6;2;4;1300313
6;2;3;1914215
6;2;2;4209264
6;2;1;15571470
6;2;0;108398574
6;2;5;1016019
6;2;4;1188375
6;2;3;1769419
6;2;2;4217852
6;2;1;15631040
6;2;0;108629985
6;2;5;1092217
6;2;4;1261721
6;2;3;2686962
6;2;2;5838349
6;2;1;18143648
6;2;0;108357280
6;2;5;1202388
6;2;4;1374300
6;2;3;1929480
6;2;2;4244489
6;2;1;15702774
6;2;0;110790249
6;2;5;1023298
6;2;4;1192622
6;2;3;1725227
6;2;2;4061508
6;2;1;15361049
6;2;0;104626915
6;2;5;1151858
6;2;4;1322609
6;2;3;1884044
6;2;2;4420435
6;2;1;15849922
6;2;0;114530601
6;2;5;990566
6;2;4;1157417
6;2;3;1710958
6;2;2;4126761
6;2;1;15705262
6;2;0;108867120
6;2;5;1123973
6;2;4;1294453
6;2;3;1845839
6;2;2;4098594
6;2;1;15774150
6;2;0;109754067
6;2;5;1208594
6;2;4;1381021
6;2;3;1938959
6;2;2;4215302
6;2;1;16297504
6;2;0;104329525
6;2;5;1800090
6;2;4;1973545
6;2;3;2546000
6;2;2;4828269
6;2;1;16638321
6;2;0;112125490
6;2;5;1494919
6;2;4;1652671
6;2;3;2178910
6;2;2;4420448
6;2;1;15800950
6;2;0;108944475
6;2;5;1591940
6;2;4;1759524
6;2;3;2319355
6;2;2;4570371
6;2;1;16221501
6;2;0;115162226
6;2;5;1065736
6;2;4;1235887
6;2;3;1818528
6;2;2;4143594
6;2;1;16821797
6;2;0;106374824
6;2;5;1583711
6;2;4;1740634
6;2;3;2273268
6;2;2;4465469
6;2;1;16612978
6;2;0;107720062
6;2;5;1508914
6;2;4;1681528
6;2;3;2277222
6;2;2;4596529
6;2;1;15987967
6;2;0;107778258
6;2;5;1130384
6;2;4;1295242
6;2;3;1851414
6;2;2;4255112
6;2;1;15395915
6;2;0;109061722
6;2;5;1121627
6;2;4;1287117
6;2;3;1830223
6;2;2;4101540
6;2;1;15534563
6;2;0;106610778
6;2;5;1221745
6;2;4;1384534
6;2;3;1940286
6;2;2;4249873
6;2;1;15905085
6;2;0;107668103
6;2;5;1267229
6;2;4;1440811
6;2;3;2003893
6;2;2;4456179
6;2;1;16214394
6;2;0;107114628
6;2;5;1169047
6;2;4;1338139
6;2;3;1896479
6;2;2;4293674
6;2;1;16726490
6;2;0;109015036
6;2;5;1228068
6;2;4;1396355
6;2;3;1943464
6;2;2;5048391
6;2;1;17228522
6;2;0;110967973
6;2;5;1178590
6;2;4;1344528
6;2;3;1908988
6;2;2;4303601
6;2;1;15891697
6;2;0;106501030
6;2;5;1032794
6;2;4;1200649
6;2;3;1750990
6;2;2;4094196
6;2;1;15592630
6;2;0;110743260
6;2;5;1085474
6;2;4;1256326
6;2;3;1838062
6;2;2;4279733
6;2;1;15305241
6;2;0;109628613
6;2;5;1106020
6;2;4;1276299
6;2;3;1847425
6;2;2;5202924
6;2;1;17008106
6;2;0;105288485
6;2;5;1843354
6;2;4;2104085
6;2;3;3153002
6;2;2;6388508
6;2;1;18060092
6;2;0;114098421
6;2;5;1246997
6;2;4;1427967
6;2;3;2017514
6;2;2;4339247
6;2;1;16110630
6;2;0;109513795
6;2;5;1546038
6;2;4;1711918
6;2;3;2255671
6;2;2;4600338
6;2;1;16113878
6;2;0;106302352
6;2;5;1518342
6;2;4;1687592
6;2;3;2250355
6;2;2;4639983
6;2;1;16416637
6;2;0;106025706
6;2;5;1412008
6;2;4;1578102
6;2;3;2140562
6;2;2;4521953
6;2;1;15745728
6;2;0;109636053
6;2;5;1456779
6;2;4;1633076
6;2;3;2228171
6;2;2;4580149
6;2;1;15887883
6;2;0;104641733
6;2;5;1171256
6;2;4;1339266
6;2;3;1897783
6;2;2;4426915
6;2;1;16189565
6;2;0;119984446
6;2;5;1475714
6;2;4;1667938
6;2;3;2236386
6;2;2;4643564
6;2;1;15491223
6;2;0;107786344
6;2;5;1223943
6;2;4;1392357
6;2;3;1955953
6;2;2;4363893
6;2;1;16167759
6;2;0;111023854
6;2;5;1010304
6;2;4;1186087
6;2;3;1767535
6;2;2;4274017
6;2;1;18332259
6;2;0;105593308
6;2;5;1040489
6;2;4;1209366
6;2;3;1774767
6;2;2;4040773
6;2;1;14752209
6;2;0;101634307
6;2;5;1214076
6;2;4;1386532
6;2;3;2004614
6;2;2;5536502
6;2;1;16759274
6;2;0;104454943
6;2;5;1061354
6;2;4;1227821
6;2;3;1834067
6;2;2;4216023
6;2;1;15778948
6;2;0;110584914
6;2;5;1120986
6;2;4;1285215
6;2;3;1856235
6;2;2;4082670
6;2;1;15061262
6;2;0;106696065
6;2;5;987824
6;2;4;1167263
6;2;3;1767753
6;2;2;4229278
6;2;1;15455923
6;2;0;108621027
6;2;5;1039533
6;2;4;1208437
6;2;3;1777535
6;2;2;4206163
6;2;1;15735628
6;2;0;105607402
6;2;5;979330
6;2;4;1147654
6;2;3;1720080
6;2;2;4013816
6;2;1;15487825
6;2;0;104631289
6;2;5;987865
6;2;4;1158602
6;2;3;1738410
6;2;2;4128807
6;2;1;15699437
6;2;0;105082230
6;2;5;1032794
6;2;4;1205111
6;2;3;1761507
6;2;2;4196650
6;2;1;15117101
6;2;0;107194231
6;2;5;1197116
6;2;4;1367198
6;2;3;2020317
6;2;2;4471930
6;2;1;16070510
6;2;0;110728093
6;2;5;1135593
6;2;4;1298824
6;2;3;1866628
6;2;2;4255891
6;2;1;15983925
6;2;0;106696495
6;2;5;1220287
6;2;4;1390032
6;2;3;1947987
6;2;2;4370174
6;2;1;16482991
6;2;0;106059376
6;2;5;1151202
6;2;4;1316812
6;2;3;1865215
6;2;2;4104402
6;2;1;15134532
6;2;0;107174983
6;2;5;1043587
6;2;4;1214297
6;2;3;1782824
6;2;2;4204092
6;2;1;15864526
6;2;0;110265946
6;2;5;1204067
6;2;4;1376954
6;2;3;1929031
6;2;2;4206326
6;2;1;16465953
6;2;0;116646705
6;2;5;1031507
6;2;4;1202643
6;2;3;1823536
6;2;2;4120408
6;2;1;15839311
6;2;0;109641241
6;2;5;1210224
6;2;4;1380457
6;2;3;1935989
6;2;2;4397951
6;2;1;15769352
6;2;0;116637439
6;2;5;1074603
6;2;4;1266795
6;2;3;1887229
6;2;2;4301569
6;2;1;16172815
6;2;0;105206110
6;2;5;1168099
6;2;4;1333236
6;2;3;1895154
6;2;2;4696716
6;2;1;15685466
6;2;0;108254110
6;2;5;1041548
6;2;4;1217980
6;2;3;1836110
6;2;2;4267642
6;2;1;15120002
6;2;0;104660771
6;2;5;1274321
6;2;4;1446203
6;2;3;2018780
6;2;2;4423529
6;2;1;17241692
6;2;0;109387169
6;2;5;1199397
6;2;4;1375626
6;2;3;1954369
6;2;2;4543210
6;2;1;16087146
6;2;0;102979276
6;2;5;1165035
6;2;4;1334649
6;2;3;1904729
6;2;2;4200063
6;2;1;15812923
6;2;0;111959685
6;2;5;1031735
6;2;4;1200584
6;2;3;1756434
6;2;2;4139667
6;2;1;15612554
6;2;0;104910540
6;2;5;1203285
6;2;4;1370087
6;2;3;1916480
6;2;2;4168845
6;2;1;16125533
6;2;0;115040124
6;2;5;1052603
6;2;4;1310769
6;2;3;1943757
6;2;2;4509150
6;2;1;16647446
6;2;0;109273684
6;2;5;1170947
6;2;4;1334185
6;2;3;1878807
6;2;2;4252814
6;2;1;16040219
6;2;0;111468947
6;2;5;1114186
6;2;4;1286133
6;2;3;1863461
6;2;2;4307923
6;2;1;15447367
6;2;0;105543795
6;2;5;1152527
6;2;4;1324640
6;2;3;1866500
6;2;2;4253111
6;2;1;16413268
6;2;0;109491257
6;2;5;1163831
6;2;4;1337905
6;2;3;1885682
6;2;2;4264078
6;2;1;15856534
6;2;0;106278461
6;2;5;1171133
6;2;4;1334514
6;2;3;1882575
6;2;2;4053420
6;2;1;15829571
6;2;0;111701028
6;2;5;1087648
6;2;4;1256022
6;2;3;1807378
6;2;2;4091421
6;2;1;16018658
6;2;0;106720366
6;2;5;1219194
6;2;4;1436660
6;2;3;1990728
6;2;2;4320105
6;2;1;16485708
6;2;0;108265077
6;2;5;1849369
6;2;4;2136325
6;2;3;3192001
6;2;2;7272206
6;2;1;27072212
6;2;0;115555542
6;2;5;1095926
6;2;4;1312258
6;2;3;1837459
6;2;2;4187843
6;2;1;15480501
6;2;0;108133828
6;2;5;1071485
6;2;4;1235614
6;2;3;1793363
6;2;2;4074020
6;2;1;16361196
6;2;0;105268398
6;2;5;1409583
6;2;4;1598880
6;2;3;2161192
6;2;2;4491974
6;2;1;17450425
6;2;0;113636045
6;2;5;1214130
6;2;4;1388018
6;2;3;1951762
6;2;2;4277145
6;2;1;15768942
6;2;0;107792921
6;2;5;1213624
6;2;4;1387199
6;2;3;1949090
6;2;2;4315804
6;2;1;15855369
6;2;0;113579087
6;2;5;1147723
6;2;4;1312293
6;2;3;1870749
6;2;2;4200027
6;2;1;15568872
6;2;0;107280743
6;2;5;1168135
6;2;4;1337449
6;2;3;1897029
6;2;2;4064890
6;2;1;15184578
6;2;0;111179865
6;2;5;988983
6;2;4;1153976
6;2;3;1713356
6;2;2;3993983
6;2;1;15534441
6;2;0;106779308
6;2;5;1036705
6;2;4;1202532
6;2;3;1747741
6;2;2;4095437
6;2;1;14993340
6;2;0;112142254
6;2;5;1144343
6;2;4;1314231
6;2;3;1882201
6;2;2;4347878
6;2;1;15938965
6;2;0;102862074
6;2;5;1081702
6;2;4;1246650
6;2;3;1796095
6;2;2;4083992
6;2;1;15728624
6;2;0;106170585
6;2;5;1157350
6;2;4;1332983
6;2;3;1910490
6;2;2;4359487
6;2;1;15567107
6;2;0;105385118
6;2;5;1178592
6;2;4;1355960
6;2;3;1896949
6;2;2;4256438
6;2;1;15815962
6;2;0;107202254
6;2;5;1033785
6;2;4;1213578
6;2;3;1817647
6;2;2;4225550
6;2;1;16467702
6;2;0;107525676
6;2;5;1157899
6;2;4;1330855
6;2;3;1898425
6;2;2;4257901
6;2;1;15660367
6;2;0;106887545
6;2;5;1029066
6;2;4;1200692
6;2;3;1766068
6;2;2;4197484
6;2;1;16130077
6;2;0;110060669
6;2;5;1226523
6;2;4;1396084
6;2;3;1942347
6;2;2;4315012
6;2;1;15445573
6;2;0;110521563
6;2;5;1108515
6;2;4;1271976
6;2;3;1820009
6;2;2;4152756
6;2;1;16288391
6;2;0;104489206
6;2;5;1168017
6;2;4;1330684
6;2;3;1873701
6;2;2;4132678
6;2;1;15634793
6;2;0;106736997
6;2;5;1181926
6;2;4;1347452
6;2;3;1897988
6;2;2;4259927
6;2;1;15624673
6;2;0;105367694
6;2;5;1177280
6;2;4;1364021
6;2;3;1948547
6;2;2;4166056
6;2;1;15710247
6;2;0;111879960
6;2;5;1100053
6;2;4;1282035
6;2;3;1861614
6;2;2;4349790
6;2;1;15609884
6;2;0;104961784
6;2;5;1325380
6;2;4;1497398
6;2;3;2063701
6;2;2;4380501
6;2;1;15575691
6;2;0;105927505
6;2;5;1228337
6;2;4;1399701
6;2;3;2018346
6;2;2;4529710
6;2;1;16622012
6;2;0;107464724
6;2;5;1234704
6;2;4;1407288
6;2;3;1960814
6;2;2;4358812
6;2;1;16428673
6;2;0;110181058
6;2;5;1016028
6;2;4;1187090
6;2;3;1744755
6;2;2;4246407
6;2;1;16159630
6;2;0;113873470
6;2;5;1204400
6;2;4;1373448
6;2;3;1948519
6;2;2;4376941
6;2;1;16137507
6;2;0;106321487
6;2;5;1063365
6;2;4;1229837
6;2;3;1774054
6;2;2;4005779
6;2;1;15541259
6;2;0;103969543
6;2;5;1057352
6;2;4;1214407
6;2;3;1736365
6;2;2;3899649
6;2;1;14712354
6;2;0;104948513
6;2;5;1196493
6;2;4;1430165
6;2;3;2127074
6;2;2;4381619
6;2;1;15168102
6;2;0;105798201
6;2;5;1079685
6;2;4;1264973
6;2;3;1825423
6;2;2;4151189
6;2;1;15758015
6;2;0;109978252
6;2;5;1068979
6;2;4;1267493
6;2;3;1819379
6;2;2;4084577
6;2;1;15377448
6;2;0;102076686
6;2;5;1013569
6;2;4;1173569
6;2;3;1696932
6;2;2;3903159
6;2;1;14880714
6;2;0;109098890
6;2;5;1208044
6;2;4;1377356
6;2;3;2118005
6;2;2;4359111
6;2;1;15865687
6;2;0;103331831
6;2;5;1089830
6;2;4;1257226
6;2;3;1818168
6;2;2;4139448
6;2;1;17307424
6;2;0;109693295
6;2;5;1056424
6;2;4;1230850
6;2;3;1803414
6;2;2;4056128
6;2;1;16149698
6;2;0;103248449
6;2;5;1381320
6;2;4;1549679
6;2;3;2096883
6;2;2;5284374
6;2;1;16325388
6;2;0;108095091
6;2;5;1140084
6;2;4;1308863
6;2;3;1863687
6;2;2;4198228
6;2;1;15329911
6;2;0;104655679
6;2;5;1214018
6;2;4;1377771
6;2;3;1932871
6;2;2;4156573
6;2;1;15486252
6;2;0;106539880
6;2;5;1184555
6;2;4;1373670
6;2;3;1945571
6;2;2;4341864
6;2;1;15626111
6;2;0;108263667
6;2;5;1204720
6;2;4;1373409
6;2;3;1938530
6;2;2;5269401
6;2;1;16670227
6;2;0;112373054
6;2;5;1032577
6;2;4;1190735
6;2;3;1697896
6;2;2;3900021
6;2;1;14978903
6;2;0;103722862
6;2;5;1019066
6;2;4;1184686
6;2;3;1720913
6;2;2;3944389
6;2;1;14422342
6;2;0;108657046
6;2;5;1097680
6;2;4;1254586
6;2;3;1810226
6;2;2;4143415
6;2;1;14987356
6;2;0;103005414
6;2;5;1103727
6;2;4;1269614
6;2;3;1845570
6;2;2;4345856
6;2;1;15295025
6;2;0;111289626
6;2;5;1157979
6;2;4;1327643
6;2;3;1899709
6;2;2;4258258
6;2;1;16423139
6;2;0;105640874
6;2;5;1144108
6;2;4;1311222
6;2;3;1859504
6;2;2;4288165
6;2;1;16348275
6;2;0;114039556
6;2;5;1199073
6;2;4;1363174
6;2;3;1911311
6;2;2;4184798
6;2;1;16032625
6;2;0;108991121
6;2;5;1147022
6;2;4;1316678
6;2;3;1884170
6;2;2;4890355
6;2;1;16146016
6;2;0;110053221
6;2;5;1063910
6;2;4;1230201
6;2;3;1762535
6;2;2;4007709
6;2;1;15984714
6;2;0;106465250
6;2;5;1065820
6;2;4;1232768
6;2;3;1816330
6;2;2;4165948
6;2;1;16063377
6;2;0;113206291
6;2;5;1107899
6;2;4;1283499
6;2;3;1850459
6;2;2;4171854
6;2;1;17257622
6;2;0;106240179
6;2;5;1210541
6;2;4;1384295
6;2;3;1960764
6;2;2;4223007
6;2;1;16370753
6;2;0;108020174
6;2;5;1272517
6;2;4;1441863
6;2;3;2014655
6;2;2;4275902
6;2;1;19377719
6;2;0;106531630
6;2;5;1030799
6;2;4;1207665
6;2;3;1733636
6;2;2;5039258
6;2;1;16065677
6;2;0;108728502
6;2;5;1210930
6;2;4;1381674
6;2;3;1925090
6;2;2;4350348
6;2;1;15727106
6;2;0;106676251
6;2;5;958663
6;2;4;1123626
6;2;3;1680667
6;2;2;3983281
6;2;1;15090731
6;2;0;112851933
6;2;5;1045851
6;2;4;1210616
6;2;3;1757590
6;2;2;4097861
6;2;1;16060112
6;2;0;109869807
6;2;5;1005672
6;2;4;1173018
6;2;3;1714974
6;2;2;3931403
6;2;1;15659606
6;2;0;114423505
6;2;5;1023615
6;2;4;1202015
6;2;3;1788667
6;2;2;4203748
6;2;1;15326068
6;2;0;100864735
6;2;5;1048156
6;2;4;1228444
6;2;3;1809675
6;2;2;4146110
6;2;1;15775326
6;2;0;113810463
6;2;5;1068962
6;2;4;1235670
6;2;3;1814165
6;2;2;4176456
6;2;1;16806038
6;2;0;103801113
6;2;5;1074659
6;2;4;1240062
6;2;3;1772217
6;2;2;4104460
6;2;1;15664328
6;2;0;108637763
6;2;5;1040810
6;2;4;1208242
6;2;3;1794178
6;2;2;4286941
6;2;1;15193264
6;2;0;106277879
6;2;5;1099880
6;2;4;1269949
6;2;3;1843033
6;2;2;4125239
6;2;1;15816102
6;2;0;108679826
6;2;5;1077965
6;2;4;1244257
6;2;3;1798782
6;2;2;4625347
6;2;1;15987311
6;2;0;107633432
6;2;5;1391284
6;2;4;1561317
6;2;3;2137735
6;2;2;4462161
6;2;1;16418772
6;2;0;109032050
6;2;5;1150610
6;2;4;1322198
6;2;3;1984563
6;2;2;4532763
6;2;1;15891446
6;2;0;115332674
6;2;5;1126539
6;2;4;1297994
6;2;3;1861263
6;2;2;4563920
6;2;1;16785142
6;2;0;115402089
6;2;5;1021050
6;2;4;1193070
6;2;3;1744182
6;2;2;5332549
6;2;1;16260958
6;2;0;112763627
6;2;5;990936
6;2;4;1161550
6;2;3;1717048
6;2;2;4317581
6;2;1;16352928
6;2;0;116401626
6;2;5;1000555
6;2;4;1173157
6;2;3;1781851
6;2;2;4024113
6;2;1;16650225
6;2;0;127223555
6;2;5;1161117
6;2;4;1334462
6;2;3;2071487
6;2;2;4800639
6;2;1;18651930
6;2;0;131512411
6;2;5;1212012
6;2;4;1473044
6;2;3;2247450
6;2;2;5243255
6;2;1;19281614
6;2;0;132196556
6;2;5;1213484
6;2;4;1378197
6;2;3;1961530
6;2;2;4450441
6;2;1;15455241
6;2;0;108677899
6;2;5;1041844
6;2;4;1213137
6;2;3;1820385
6;2;2;4229572
6;2;1;16103781
6;2;0;111953175
6;2;5;1085353
6;2;4;1253075
6;2;3;1846196
6;2;2;4224595
6;2;1;15874617
6;2;0;112850893
6;2;5;1069763
6;2;4;1250800
6;2;3;1808031
6;2;2;4217128
6;2;1;15199818
6;2;0;114793504
6;2;5;1000879
6;2;4;1166349
6;2;3;1704267
6;2;2;5066393
6;2;1;16728742
6;2;0;110881816
6;2;5;1192050
6;2;4;1360071
6;2;3;1916839
6;2;2;4310388
6;2;1;16195843
6;2;0;113460750
6;2;5;1094465
6;2;4;1272615
6;2;3;1831050
6;2;2;4148250
6;2;1;20234973
6;2;0;120045674
6;2;5;1108799
6;2;4;1285266
6;2;3;1875746
6;2;2;4351138
6;2;1;16537722
6;2;0;126434866
6;2;5;1117153
6;2;4;1308601
6;2;3;1879168
6;2;2;4268507
6;2;1;16498155
6;2;0;130643522
6;2;5;1180142
6;2;4;1364904
6;2;3;1948223
6;2;2;4407530
6;2;1;16687023
6;2;0;113112928
6;2;5;1170663
6;2;4;1360633
6;2;3;2148536
6;2;2;4528076
6;2;1;16593392
6;2;0;112786363
6;2;5;996024
6;2;4;1162619
6;2;3;1718274
6;2;2;4001366
6;2;1;16971883
6;2;0;109159510
6;2;5;960570
6;2;4;1126080
6;2;3;1680561
6;2;2;4016093
6;2;1;15843848
6;2;0;113902761
6;2;5;1178600
6;2;4;1344493
6;2;3;1945688
6;2;2;4398993
6;2;1;16323834
6;2;0;107502689
6;2;5;1172758
6;2;4;1339903
6;2;3;1888114
6;2;2;4136943
6;2;1;15233781
6;2;0;107967995
6;2;5;1197432
6;2;4;1361197
6;2;3;1913339
6;2;2;4331980
6;2;1;16763614
6;2;0;104574202
6;2;5;1039284
6;2;4;1210871
6;2;3;1779891
6;2;2;4236306
6;2;1;15622809
6;2;0;111244856
6;2;5;1165610
6;2;4;1345612
6;2;3;1893096
6;2;2;4259428
6;2;1;16264325
6;2;0;109974246
6;2;5;1166360
6;2;4;1336552
6;2;3;1904359
6;2;2;4276589
6;2;1;15337272
6;2;0;110092799
6;2;5;1021732
6;2;4;1194797
6;2;3;2723077
6;2;2;4978503
6;2;1;17028108
6;2;0;120856065
6;2;5;1066545
6;2;4;1243087
6;2;3;1792596
6;2;2;4367547
6;2;1;16506113
6;2;0;115478736
6;2;5;1253709
6;2;4;1430443
6;2;3;2008700
6;2;2;4449592
6;2;1;16282735
6;2;0;118293904
6;2;5;1259511
6;2;4;1427853
6;2;3;1999101
6;2;2;4290988
6;2;1;16128409
6;2;0;115443328
6;2;5;1105891
6;2;4;1304754
6;2;3;1955885
6;2;2;4963697
6;2;1;19078738
6;2;0;129817908
6;2;5;1229795
6;2;4;1408433
6;2;3;2056517
6;2;2;4607766
6;2;1;16989671
6;2;0;124234681
6;2;5;1242872
6;2;4;1432815
6;2;3;2122305
6;2;2;4973870
6;2;1;19711486
6;2;0;125261419
6;2;5;2211764
6;2;4;2378811
6;2;3;2944108
6;2;2;5436623
6;2;1;17653978
6;2;0;111458480
6;2;5;1234931
6;2;4;1431556
6;2;3;2019524
6;2;2;4478820
6;2;1;16530106
6;2;0;109284705
6;2;5;1002242
6;2;4;1166412
6;2;3;1925214
6;2;2;4191047
6;2;1;16771256
6;2;0;110612204
6;2;5;1174815
6;2;4;1339296
6;2;3;1902897
6;2;2;4210213
6;2;1;16002588
6;2;0;108573454
6;2;5;989082
6;2;4;1156042
6;2;3;1695238
6;2;2;4098368
6;2;1;15241358
6;2;0;117412731
6;2;5;1080470
6;2;4;1246465
6;2;3;1824529
6;2;2;4373047
6;2;1;14807630
6;2;0;108376288
6;2;5;1158480
6;2;4;1321878
6;2;3;1940967
6;2;2;4159085
6;2;1;15534640
6;2;0;112968867
6;2;5;1188625
6;2;4;1353192
6;2;3;1901728
6;2;2;4309842
6;2;1;15589068
6;2;0;101829722
6;2;5;1177072
6;2;4;1342300
6;2;3;1903101
6;2;2;4137043
6;2;1;16361478
6;2;0;110322911
6;2;5;1029281
6;2;4;1207328
6;2;3;1798748
6;2;2;4237924
6;2;1;16578395
6;2;0;107885757
6;2;5;1094260
6;2;4;1261641
6;2;3;1828868
6;2;2;4193939
6;2;1;16575812
6;2;0;121742538
6;2;5;1173000
6;2;4;1351367
6;2;3;1922700
6;2;2;4591170
6;2;1;16626893
6;2;0;112796767
6;2;5;1215185
6;2;4;1385652
6;2;3;1950305
6;2;2;4525285
6;2;1;15912187
6;2;0;110338157
6;2;5;1812612
6;2;4;2106659
6;2;3;3096478
6;2;2;6443665
6;2;1;17846473
6;2;0;107130730
6;2;5;1558855
6;2;4;1729711
6;2;3;2286705
6;2;2;4558468
6;2;1;16301079
6;2;0;111260729
6;2;5;989145
6;2;4;1158687
6;2;3;1746300
6;2;2;4099273
6;2;1;15839234
6;2;0;108973102
6;2;5;1243202
6;2;4;1425645
6;2;3;1988776
6;2;2;4294778
6;2;1;16823683
6;2;0;108080817
6;2;5;1133106
6;2;4;1300648
6;2;3;1862138
6;2;2;4221707
6;2;1;15187121
6;2;0;107149244
6;2;5;1098534
6;2;4;1265618
6;2;3;1816407
6;2;2;4048931
6;2;1;15506932
6;2;0;108473242
6;2;5;1095117
6;2;4;1267299
6;2;3;1840483
6;2;2;4182161
6;2;1;16709525
6;2;0;109329211
6;2;5;1177763
6;2;4;1399474
6;2;3;2234693
6;2;2;4795165
6;2;1;16096422
6;2;0;112497079
6;2;5;995538
6;2;4;1161032
6;2;3;1704859
6;2;2;4022303
6;2;1;15413446
6;2;0;104627194
6;2;5;1186054
6;2;4;1354525
6;2;3;1888677
6;2;2;4305163
6;2;1;15438987
6;2;0;111845749
6;2;5;1124922
6;2;4;1290636
6;2;3;1846219
6;2;2;4146563
6;2;1;15531720
6;2;0;114039438
6;2;5;1131501
6;2;4;1300688
6;2;3;1830819
6;2;2;5164541
6;2;1;16474793
6;2;0;111573201
6;2;5;1270334
6;2;4;1435476
6;2;3;1981162
6;2;2;4392925
6;2;1;16577010
6;2;0;107391202
6;2;5;966191
6;2;4;1137820
6;2;3;1668392
6;2;2;4367739
6;2;1;15874061
6;2;0;105283085
6;2;5;1159137
6;2;4;1331222
6;2;3;1914276
6;2;2;4136459
6;2;1;15513088
6;2;0;102435296
6;2;5;962819
6;2;4;1128068
6;2;3;1686645
6;2;2;3914279
6;2;1;14988142
6;2;0;105872868
6;2;5;1115879
6;2;4;1290393
6;2;3;2001363
6;2;2;4340396
6;2;1;15895047
6;2;0;108823190
6;2;5;1682230
6;2;4;1966504
6;2;3;2932097
6;2;2;6965385
6;2;1;18729796
6;2;0;109896510
6;2;5;956751
6;2;4;1124737
6;2;3;1675420
6;2;2;4130515
6;2;1;15858599
6;2;0;107976166
6;2;5;1169265
6;2;4;1337662
6;2;3;1911829
6;2;2;4171169
6;2;1;15924148
6;2;0;107779029
6;2;5;1157653
6;2;4;1328651
6;2;3;1897394
6;2;2;4267658
6;2;1;15227188
6;2;0;105488819
6;2;5;975998
6;2;4;1138997
6;2;3;1677182
6;2;2;4949511
6;2;1;16578208
6;2;0;102314613
6;2;5;1034789
6;2;4;1234391
6;2;3;2006517
6;2;2;4284260
6;2;1;16397400
6;2;0;103355989
6;2;5;962472
6;2;4;1132659
6;2;3;1668696
6;2;2;4048390
6;2;1;15128296
6;2;0;106981131
6;2;5;988115
6;2;4;1152793
6;2;3;1702073
6;2;2;4597993
6;2;1;16256499
6;2;0;105661619
6;2;5;1376920
6;2;4;1642195
6;2;3;2338708
6;2;2;4771615
6;2;1;17060699
6;2;0;108017542
6;2;5;1919714
6;2;4;2088598
6;2;3;2636091
6;2;2;5229990
6;2;1;16435385
6;2;0;105834651
6;2;5;957953
6;2;4;1123648
6;2;3;1667685
6;2;2;3922735
6;2;1;17321343
6;2;0;106442231
6;2;5;1185866
6;2;4;1357598
6;2;3;1924720
6;2;2;4334197
6;2;1;16509529
6;2;0;103353550
6;2;5;1143743
6;2;4;1311620
6;2;3;1860697
6;2;2;4739371
6;2;1;15840973
6;2;0;109237429
6;2;5;1065857
6;2;4;1237874
6;2;3;1808376
6;2;2;4223845
6;2;1;15464499
6;2;0;102542856
6;2;5;1167177
6;2;4;1342042
6;2;3;1898297
6;2;2;4315188
6;2;1;15513418
6;2;0;115442269
6;2;5;1106424
6;2;4;1278095
6;2;3;1819610
6;2;2;4017954
6;2;1;15927894
6;2;0;106852174
6;2;5;1171404
6;2;4;1337516
6;2;3;1880725
6;2;2;5135025
6;2;1;16081320
6;2;0;109459451
6;2;5;1085130
6;2;4;1255575
6;2;3;1821206
6;2;2;4262215
6;2;1;15881436
6;2;0;110161473
6;2;5;1183370
6;2;4;1352632
6;2;3;1899692
6;2;2;4172862
6;2;1;15169929
6;2;0;110037293
6;2;5;1044974
6;2;4;1216472
6;2;3;1782759
6;2;2;4014758
6;2;1;15939555
6;2;0;107839960
6;2;5;1148745
6;2;4;1316117
6;2;3;1843094
6;2;2;4225337
6;2;1;15880065
6;2;0;110479210
6;2;5;1149414
6;2;4;1313652
6;2;3;1867821
6;2;2;4195020
6;2;1;15793464
6;2;0;109833743
6;2;5;1129827
6;2;4;1298485
6;2;3;1891401
6;2;2;4254014
6;2;1;15784467
6;2;0;106064646
6;2;5;1183374
6;2;4;1349788
6;2;3;1896435
6;2;2;4236677
6;2;1;15754622
6;2;0;107943720
6;2;5;1004250
6;2;4;1206377
6;2;3;1755840
6;2;2;3941005
6;2;1;15348599
6;2;0;106332482
6;2;5;1128515
6;2;4;1294377
6;2;3;1895169
6;2;2;4195337
6;2;1;15621742
6;2;0;104850628
6;2;5;985698
6;2;4;1152000
6;2;3;1692572
6;2;2;4001416
6;2;1;15834387
6;2;0;114328390
6;2;5;1210506
6;2;4;1385355
6;2;3;1946994
6;2;2;4403401
6;2;1;16713943
6;2;0;108125260
6;2;5;995490
6;2;4;1160685
6;2;3;1704031
6;2;2;4073742
6;2;1;15331253
6;2;0;106897241
6;2;5;1027271
6;2;4;1207985
6;2;3;1798799
6;2;2;4115230
6;2;1;15150007
6;2;0;105148105
6;2;5;1025509
6;2;4;1181821
6;2;3;1708102
6;2;2;3944722
6;2;1;14548476
6;2;0;105108583
6;2;5;1063074
6;2;4;1229377
6;2;3;1788615
6;2;2;4153600
6;2;1;15500742
6;2;0;109820719
6;2;5;1204924
6;2;4;1377206
6;2;3;1933900
6;2;2;4256201
6;2;1;15777180
6;2;0;113066988
6;2;5;1202805
6;2;4;1374874
6;2;3;1943525
6;2;2;4893508
6;2;1;16417961
6;2;0;108184718
6;2;5;1123824
6;2;4;1289157
6;2;3;1843414
6;2;2;4070507
6;2;1;16160906
6;2;0;114881918
6;2;5;1200711
6;2;4;1372891
6;2;3;1931774
6;2;2;4405589
6;2;1;16162234
6;2;0;113905498
6;2;5;1099746
6;2;4;1271673
6;2;3;1806695
6;2;2;3991928
6;2;1;14737224
6;2;0;110650527
6;2;5;1173277
6;2;4;1343514
6;2;3;1890286
6;2;2;4234848
6;2;1;16505816
6;2;0;109653265
6;2;5;1034525
6;2;4;1203345
6;2;3;1732420
6;2;2;5352832
6;2;1;16884813
6;2;0;113517071
6;2;5;999264
6;2;4;1169114
6;2;3;1706986
6;2;2;5096915
6;2;1;15673109
6;2;0;103734671
6;2;5;1002949
6;2;4;1169152
6;2;3;1708745
6;2;2;4858766
6;2;1;15518831
6;2;0;110319297
6;2;5;1033121
6;2;4;1199397
6;2;3;3075671
6;2;2;5349355
6;2;1;16271512
6;2;0;107624830
6;2;5;1001373
6;2;4;1173800
6;2;3;1718635
6;2;2;4021855
6;2;1;15617582
6;2;0;113833660
6;2;5;965652
6;2;4;1133050
6;2;3;1673380
6;2;2;3903367
6;2;1;16333494
6;2;0;107745014
6;2;5;1197873
6;2;4;1361379
6;2;3;1919418
6;2;2;4632838
6;2;1;16028762
6;2;0;114996360
6;2;5;1202799
6;2;4;1374691
6;2;3;1927944
6;2;2;4398753
6;2;1;16167474
6;2;0;107346225
6;2;5;1273418
6;2;4;1442362
6;2;3;2048238
6;2;2;4363275
6;2;1;16084936
6;2;0;107570394
6;2;5;1005031
6;2;4;1176536
6;2;3;1732020
6;2;2;4190372
6;2;1;16444325
6;2;0;106708405
6;2;5;1316698
6;2;4;1520979
6;2;3;2097524
6;2;2;4452803
6;2;1;15811617
6;2;0;111781589
6;2;5;1022109
6;2;4;1191860
6;2;3;1828916
6;2;2;4182145
6;2;1;16085530
6;2;0;113141304
6;2;5;1543856
6;2;4;1714319
6;2;3;2243860
6;2;2;4649643
6;2;1;16491070
6;2;0;111876610
6;2;5;1683921
6;2;4;1850173
6;2;3;2395234
6;2;2;4813346
6;2;1;16264370
6;2;0;110696742
6;2;5;1520656
6;2;4;1696723
6;2;3;2288180
6;2;2;4634119
6;2;1;16197594
6;2;0;105788503
6;2;5;1574070
6;2;4;1740748
6;2;3;2322383
6;2;2;4635698
6;2;1;17843200
6;2;0;115612671
6;2;5;1204831
6;2;4;1369372
6;2;3;2063427
6;2;2;4324757
6;2;1;15736579
6;2;0;111915105
6;2;5;1025226
6;2;4;1199659
6;2;3;1795276
6;2;2;4155128
6;2;1;15693872
6;2;0;109851995
6;2;5;1109874
6;2;4;1278744
6;2;3;1836742
6;2;2;4139722
6;2;1;16382278
6;2;0;114832623
6;2;5;2163423
6;2;4;2335031
6;2;3;2886576
6;2;2;5358592
6;2;1;16552791
6;2;0;103968878
6;2;5;1524440
6;2;4;1684097
6;2;3;2197286
6;2;2;4443028
6;2;1;16533927
6;2;0;112126152
6;2;5;1580381
6;2;4;1746739
6;2;3;2294571
6;2;2;4720361
6;2;1;16812815
6;2;0;111046556
6;2;5;1206159
6;2;4;1371107
6;2;3;2117919
6;2;2;4657759
6;2;1;17462324
6;2;0;110936431
6;2;5;1374852
6;2;4;1544561
6;2;3;2080193
6;2;2;4662291
6;2;1;16932641
6;2;0;105342320
6;2;5;1026921
6;2;4;1183283
6;2;3;1686986
6;2;2;3861496
6;2;1;16255261
6;2;0;106197125
6;2;5;1173158
6;2;4;1346518
6;2;3;1903179
6;2;2;4479404
6;2;1;19071230
6;2;0;113092912
6;2;5;1179392
6;2;4;1349727
6;2;3;2562546
6;2;2;4982856
6;2;1;16881716
6;2;0;111524772
6;2;5;1104294
6;2;4;1280238
6;2;3;1840231
6;2;2;4243570
6;2;1;15814754
6;2;0;109885279
6;2;5;1166889
6;2;4;1335566
6;2;3;1872379
6;2;2;4132656
6;2;1;15980506
6;2;0;109974264
6;2;5;1114418
6;2;4;1280546
6;2;3;1866691
6;2;2;4380645
6;2;1;15499614
6;2;0;110096866
6;2;5;1240772
6;2;4;1411827
6;2;3;1975047
6;2;2;4415677
6;2;1;15491395
6;2;0;107751063
6;2;5;1173972
6;2;4;1342116
6;2;3;1891632
6;2;2;4259788
6;2;1;16599673
6;2;0;108390430
6;2;5;986351
6;2;4;1152756
6;2;3;1686864
6;2;2;3962408
6;2;1;15441821
6;2;0;112636045
6;2;5;999828
6;2;4;1163943
6;2;3;2946464
6;2;2;5236543
6;2;1;15730981
6;2;0;109044464
6;2;5;1020267
6;2;4;1198632
6;2;3;1776593
6;2;2;4179641
6;2;1;16299579
6;2;0;107335536
6;2;5;1236679
6;2;4;1469185
6;2;3;2117506
6;2;2;4841540
6;2;1;16774462
6;2;0;109231666
6;2;5;1018204
6;2;4;1189162
6;2;3;1729854
6;2;2;4077979
6;2;1;15878172
6;2;0;106273090
6;2;5;1185160
6;2;4;1393407
6;2;3;2003904
6;2;2;4442540
6;2;1;15978388
6;2;0;106947105
6;2;5;961273
6;2;4;1132451
6;2;3;1744218
6;2;2;3986171
6;2;1;15524679
6;2;0;111276903
6;2;5;1343669
6;2;4;1523746
6;2;3;2079079
6;2;2;4573485
6;2;1;16766169
6;2;0;107977509
6;2;5;1002209
6;2;4;1168783
6;2;3;1720108
6;2;2;4073282
6;2;1;15546847
6;2;0;111561379
6;2;5;1204762
6;2;4;1374213
6;2;3;1972786
6;2;2;4292236
6;2;1;15497446
6;2;0;108357617
6;2;5;995365
6;2;4;1168168
6;2;3;1740038
6;2;2;4030109
6;2;1;15613557
6;2;0;109480280
6;2;5;1109579
6;2;4;1278677
6;2;3;1809806
6;2;2;4120077
6;2;1;16059353
6;2;0;108616866
